transaction_id,customer_id,product_category,product_subcategory,quantity,unit_price,total_amount,placement_score
TXN_000001,CUST_0058,Dairy,Cheese,4,6.93,27.72,73.1
TXN_000001,CUST_0058,Meat,Chicken,1,5.41,5.41,37.6
TXN_000001,CUST_0058,Snacks,Crackers,3,3.8,11.4,74.4
TXN_000001,CUST_0058,Personal_Care,Toothpaste,1,2.91,2.91,40.8
TXN_000002,CUST_0045,Personal_Care,Soap,1,1.87,1.87,71.9
TXN_000002,CUST_0045,Personal_Care,Shampoo,1,6.93,6.93,82.5
TXN_000002,CUST_0045,Personal_Care,Toothpaste,1,4.36,4.36,55.5
TXN_000002,CUST_0045,Snacks,Crackers,2,2.14,4.28,66.6
TXN_000002,CUST_0045,Dairy,Cheese,2,4.68,9.36,73.2
TXN_000003,CUST_0230,Personal_Care,Soap,1,1.37,1.37,67.7
TXN_000003,CUST_0230,Personal_Care,Shampoo,1,4.28,4.28,68.2
TXN_000003,CUST_0230,Produce,Onions,2,1.47,2.94,100.0
TXN_000003,CUST_0230,Pantry,Pasta,2,2.32,4.64,84.7
TXN_000003,CUST_0230,Meat,Beef,4,8.88,35.52,100.0
TXN_000003,CUST_0230,Pantry,Cereals,1,3.14,3.14,56.9
TXN_000004,CUST_0053,Produce,Apples,3,2.04,6.12,41.3
TXN_000004,CUST_0053,Produce,Lettuce,1,2.31,2.31,47.6
TXN_000004,CUST_0053,Dairy,Yogurt,1,2.48,2.48,56.9
TXN_000004,CUST_0053,Personal_Care,Soap,3,1.6,4.8,52.2
TXN_000005,CUST_0064,Pantry,Cereals,1,4.08,4.08,87.5
TXN_000005,CUST_0064,Dairy,Milk,1,4.73,4.73,82.9
TXN_000005,CUST_0064,Household,Toilet_Paper,1,13.11,13.11,88.8
TXN_000005,CUST_0064,Pantry,Spices,1,6.38,6.38,61.7
TXN_000005,CUST_0064,Household,Paper_Towels,1,8.84,8.84,72.4
TXN_000005,CUST_0064,Pantry,Pasta,2,2.64,5.28,75.0
TXN_000006,CUST_0041,Bakery,Bagels,2,3.86,7.72,100.0
TXN_000006,CUST_0041,Pantry,Spices,1,2.65,2.65,45.7
TXN_000006,CUST_0041,Dairy,Cream,1,3.02,3.02,92.6
TXN_000006,CUST_0041,Beverages,Coffee,4,6.75,27.0,100.0
TXN_000006,CUST_0041,Bakery,Muffins,1,2.15,2.15,75.9
TXN_000007,CUST_0037,Personal_Care,Deodorant,1,7.65,7.65,64.0
TXN_000007,CUST_0037,Frozen,Frozen_Pizza,3,7.21,21.63,78.3
TXN_000007,CUST_0037,Produce,Onions,1,2.34,2.34,100.0
TXN_000007,CUST_0037,Meat,Beef,3,11.18,33.54,90.4
TXN_000008,CUST_0286,Bakery,Bagels,1,3.85,3.85,87.4
TXN_000008,CUST_0286,Dairy,Butter,1,4.78,4.78,57.1
TXN_000008,CUST_0286,Dairy,Cream,1,2.44,2.44,77.3
TXN_000009,CUST_0162,Pantry,Spices,1,5.11,5.11,63.6
TXN_000009,CUST_0162,Pantry,Canned_Goods,2,1.73,3.46,100.0
TXN_000009,CUST_0162,Pantry,Pasta,1,1.93,1.93,81.6
TXN_000009,CUST_0162,Frozen,Frozen_Vegetables,1,3.22,3.22,79.7
TXN_000009,CUST_0162,Meat,Fish,1,18.81,18.81,100.0
TXN_000009,CUST_0162,Pantry,Cereals,1,3.43,3.43,62.7
TXN_000009,CUST_0162,Frozen,Frozen_Meals,1,5.69,5.69,59.9
TXN_000009,CUST_0162,Beverages,Water,3,1.24,3.72,62.6
TXN_000010,CUST_0186,Bakery,Bagels,2,4.07,8.14,100.0
TXN_000010,CUST_0186,Produce,Lettuce,1,2.75,2.75,87.1
TXN_000010,CUST_0186,Dairy,Cream,1,3.18,3.18,90.5
TXN_000010,CUST_0186,Produce,Tomatoes,2,2.03,4.06,65.6
TXN_000010,CUST_0186,Beverages,Coffee,2,6.22,12.44,78.5
TXN_000011,CUST_0217,Personal_Care,Deodorant,1,7.68,7.68,66.9
TXN_000011,CUST_0217,Personal_Care,Toothpaste,1,4.77,4.77,62.9
TXN_000011,CUST_0217,Dairy,Milk,3,3.52,10.56,72.4
TXN_000011,CUST_0217,Produce,Lettuce,2,2.29,4.58,67.2
TXN_000011,CUST_0217,Personal_Care,Soap,1,1.28,1.28,33.5
TXN_000011,CUST_0217,Snacks,Nuts,1,9.81,9.81,64.5
TXN_000012,CUST_0175,Produce,Carrots,3,1.78,5.34,68.6
TXN_000012,CUST_0175,Produce,Apples,1,2.85,2.85,81.9
TXN_000012,CUST_0175,Meat,Pork,2,6.07,12.14,85.3
TXN_000012,CUST_0175,Bakery,Cakes,1,9.13,9.13,39.3
TXN_000012,CUST_0175,Produce,Tomatoes,2,3.38,6.76,63.5
TXN_000012,CUST_0175,Personal_Care,Soap,2,1.71,3.42,68.3
TXN_000012,CUST_0175,Bakery,Pastries,1,5.24,5.24,62.7
TXN_000013,CUST_0192,Produce,Onions,2,1.14,2.28,96.3
TXN_000013,CUST_0192,Meat,Beef,1,10.65,10.65,100.0
TXN_000013,CUST_0192,Produce,Apples,2,2.69,5.38,91.1
TXN_000013,CUST_0192,Pantry,Pasta,2,2.37,4.74,91.7
TXN_000013,CUST_0192,Pantry,Canned_Goods,2,1.56,3.12,100.0
TXN_000013,CUST_0192,Produce,Bananas,1,1.25,1.25,84.0
TXN_000014,CUST_0044,Snacks,Nuts,4,10.82,43.28,100.0
TXN_000014,CUST_0044,Unknown,Beer,1,4.47,4.47,81.4
TXN_000014,CUST_0044,Frozen,Frozen_Pizza,1,6.23,6.23,66.9
TXN_000014,CUST_0044,Produce,Lettuce,4,2.54,10.16,64.9
TXN_000014,CUST_0044,Personal_Care,Soap,2,3.97,7.94,100.0
TXN_000014,CUST_0044,Personal_Care,Shampoo,1,8.15,8.15,87.9
TXN_000014,CUST_0044,Personal_Care,Deodorant,2,6.51,13.02,72.5
TXN_000014,CUST_0044,Bakery,Cakes,1,10.06,10.06,64.1
TXN_000014,CUST_0044,Beverages,Juice,3,4.74,14.22,98.1
TXN_000015,CUST_0192,Beverages,Coffee,2,10.59,21.18,100.0
TXN_000015,CUST_0192,Beverages,Tea,3,7.45,22.35,86.9
TXN_000015,CUST_0192,Dairy,Cream,1,2.75,2.75,96.3
TXN_000015,CUST_0192,Bakery,Muffins,1,2.93,2.93,83.2
TXN_000015,CUST_0192,Bakery,Bagels,2,3.57,7.14,94.7
TXN_000016,CUST_0113,Dairy,Milk,3,3.72,11.16,79.6
TXN_000016,CUST_0113,Pantry,Cereals,1,4.57,4.57,64.3
TXN_000017,CUST_0118,Dairy,Cream,1,2.1,2.1,90.4
TXN_000017,CUST_0118,Pantry,Pasta,2,2.31,4.62,98.9
TXN_000017,CUST_0118,Beverages,Coffee,5,8.61,43.05,100.0
TXN_000017,CUST_0118,Pantry,Canned_Goods,1,2.59,2.59,76.4
TXN_000017,CUST_0118,Bakery,Bagels,1,3.05,3.05,66.6
TXN_000018,CUST_0293,Personal_Care,Toothpaste,3,4.09,12.27,59.4
TXN_000018,CUST_0293,Beverages,Soda,1,1.88,1.88,97.3
TXN_000018,CUST_0293,Snacks,Chips,2,4.14,8.28,92.9
TXN_000018,CUST_0293,Pantry,Pasta,4,2.61,10.44,100.0
TXN_000018,CUST_0293,Pantry,Canned_Goods,2,2.22,4.44,90.8
TXN_000018,CUST_0293,Dairy,Butter,1,5.39,5.39,56.1
TXN_000018,CUST_0293,Snacks,Crackers,1,2.35,2.35,88.6
TXN_000018,CUST_0293,Dairy,Cheese,1,4.39,4.39,81.2
TXN_000018,CUST_0293,Produce,Lettuce,1,2.21,2.21,78.0
TXN_000019,CUST_0128,Bakery,Pastries,2,4.91,9.82,53.0
TXN_000019,CUST_0128,Bakery,Muffins,1,2.75,2.75,80.5
TXN_000019,CUST_0128,Beverages,Coffee,3,9.61,28.83,100.0
TXN_000019,CUST_0128,Dairy,Cream,1,2.14,2.14,73.4
TXN_000020,CUST_0227,Personal_Care,Shampoo,4,8.6,34.4,92.5
TXN_000020,CUST_0227,Personal_Care,Soap,1,2.93,2.93,97.1
TXN_000020,CUST_0227,Bakery,Muffins,4,2.77,11.08,86.4
TXN_000020,CUST_0227,Beverages,Coffee,4,11.34,45.36,100.0
TXN_000020,CUST_0227,Dairy,Cream,1,2.64,2.64,85.0
TXN_000021,CUST_0031,Produce,Onions,1,2.22,2.22,100.0
TXN_000021,CUST_0031,Meat,Beef,2,14.29,28.58,100.0
TXN_000021,CUST_0031,Frozen,Ice_Cream,3,6.94,20.82,84.0
TXN_000021,CUST_0031,Snacks,Cookies,1,5.13,5.13,100.0
TXN_000021,CUST_0031,Beverages,Juice,3,4.97,14.91,99.7
TXN_000021,CUST_0031,Produce,Tomatoes,3,2.68,8.04,89.2
TXN_000021,CUST_0031,Produce,Lettuce,4,2.79,11.16,100.0
TXN_000022,CUST_0030,Dairy,Butter,1,5.76,5.76,100.0
TXN_000022,CUST_0030,Bakery,Bread,2,3.65,7.3,100.0
TXN_000022,CUST_0030,Dairy,Cheese,1,4.04,4.04,77.5
TXN_000022,CUST_0030,Snacks,Crackers,4,2.27,9.08,84.6
TXN_000022,CUST_0030,Meat,Pork,4,10.59,42.36,66.0
TXN_000022,CUST_0030,Household,Paper_Towels,2,11.14,22.28,55.0
TXN_000023,CUST_0127,Personal_Care,Soap,3,3.37,10.11,79.3
TXN_000023,CUST_0127,Personal_Care,Shampoo,3,4.73,14.19,73.4
TXN_000023,CUST_0127,Personal_Care,Deodorant,2,5.21,10.42,62.9
TXN_000023,CUST_0127,Bakery,Cakes,3,10.46,31.38,68.9
TXN_000023,CUST_0127,Pantry,Rice,1,2.25,2.25,90.9
TXN_000023,CUST_0127,Meat,Chicken,2,5.51,11.02,92.5
TXN_000024,CUST_0068,Household,Cleaning_Supplies,1,9.91,9.91,67.0
TXN_000024,CUST_0068,Beverages,Tea,1,4.85,4.85,39.3
TXN_000025,CUST_0162,Dairy,Cream,2,2.85,5.7,100.0
TXN_000025,CUST_0162,Beverages,Coffee,4,5.78,23.12,94.6
TXN_000025,CUST_0162,Bakery,Bagels,1,3.11,3.11,80.0
TXN_000025,CUST_0162,Bakery,Muffins,1,2.24,2.24,90.2
TXN_000025,CUST_0162,Produce,Apples,2,2.94,5.88,84.2
TXN_000025,CUST_0162,Beverages,Juice,1,2.86,2.86,52.3
TXN_000026,CUST_0146,Produce,Onions,1,2.45,2.45,100.0
TXN_000026,CUST_0146,Meat,Beef,1,16.91,16.91,100.0
TXN_000026,CUST_0146,Snacks,Chips,1,3.66,3.66,95.1
TXN_000026,CUST_0146,Beverages,Soda,4,2.28,9.12,100.0
TXN_000026,CUST_0146,Produce,Bananas,1,1.24,1.24,100.0
TXN_000026,CUST_0146,Produce,Tomatoes,2,3.8,7.6,100.0
TXN_000026,CUST_0146,Dairy,Yogurt,1,1.28,1.28,78.5
TXN_000026,CUST_0146,Bakery,Cakes,1,10.47,10.47,63.9
TXN_000026,CUST_0146,Produce,Lettuce,5,2.98,14.9,100.0
TXN_000027,CUST_0176,Bakery,Cakes,2,10.17,20.34,87.6
TXN_000027,CUST_0176,Meat,Beef,1,17.11,17.11,100.0
TXN_000027,CUST_0176,Produce,Onions,3,2.42,7.26,100.0
TXN_000027,CUST_0176,Dairy,Butter,1,5.83,5.83,100.0
TXN_000027,CUST_0176,Bakery,Bread,3,2.09,6.27,93.4
TXN_000027,CUST_0176,Dairy,Yogurt,3,2.48,7.44,96.7
TXN_000028,CUST_0002,Pantry,Rice,2,3.14,6.28,62.1
TXN_000028,CUST_0002,Household,Toilet_Paper,1,12.73,12.73,54.9
TXN_000028,CUST_0002,Produce,Onions,1,2.3,2.3,70.0
TXN_000029,CUST_0227,Personal_Care,Shampoo,4,10.8,43.2,100.0
TXN_000029,CUST_0227,Personal_Care,Toothpaste,1,3.35,3.35,44.1
TXN_000029,CUST_0227,Personal_Care,Soap,2,2.85,5.7,92.3
TXN_000029,CUST_0227,Snacks,Crackers,1,2.34,2.34,71.9
TXN_000029,CUST_0227,Frozen,Frozen_Pizza,3,6.08,18.24,90.4
TXN_000029,CUST_0227,Dairy,Cheese,3,6.21,18.63,100.0
TXN_000030,CUST_0299,Personal_Care,Shampoo,1,4.23,4.23,61.3
TXN_000030,CUST_0299,Personal_Care,Soap,3,2.86,8.58,71.3
TXN_000030,CUST_0299,Personal_Care,Toothpaste,1,2.04,2.04,40.5
TXN_000030,CUST_0299,Bakery,Cakes,1,12.13,12.13,35.5
TXN_000031,CUST_0128,Household,Cleaning_Supplies,1,6.6,6.6,68.7
TXN_000031,CUST_0128,Household,Detergent,3,9.57,28.71,100.0
TXN_000031,CUST_0128,Produce,Tomatoes,4,2.29,9.16,84.6
TXN_000031,CUST_0128,Meat,Chicken,4,8.44,33.76,100.0
TXN_000031,CUST_0128,Bakery,Pastries,5,4.48,22.4,71.7
TXN_000031,CUST_0128,Dairy,Cheese,1,6.53,6.53,79.0
TXN_000031,CUST_0128,Pantry,Rice,1,2.38,2.38,89.4
TXN_000031,CUST_0128,Frozen,Ice_Cream,1,4.56,4.56,51.2
TXN_000032,CUST_0128,Meat,Beef,3,12.74,38.22,92.9
TXN_000032,CUST_0128,Produce,Onions,2,1.26,2.52,78.8
TXN_000032,CUST_0128,Meat,Deli_Meat,1,4.35,4.35,38.7
TXN_000032,CUST_0128,Frozen,Frozen_Vegetables,1,2.92,2.92,40.6
TXN_000033,CUST_0180,Meat,Fish,2,7.51,15.02,68.4
TXN_000033,CUST_0180,Bakery,Bagels,3,4.26,12.78,100.0
TXN_000033,CUST_0180,Frozen,Frozen_Vegetables,2,2.37,4.74,83.0
TXN_000033,CUST_0180,Dairy,Cream,1,2.74,2.74,100.0
TXN_000033,CUST_0180,Meat,Deli_Meat,1,5.85,5.85,52.5
TXN_000034,CUST_0180,Household,Toilet_Paper,1,12.52,12.52,84.6
TXN_000034,CUST_0180,Household,Paper_Towels,2,11.72,23.44,90.5
TXN_000034,CUST_0180,Produce,Carrots,1,1.45,1.45,52.1
TXN_000034,CUST_0180,Meat,Beef,1,11.77,11.77,96.6
TXN_000034,CUST_0180,Produce,Onions,1,1.48,1.48,84.8
TXN_000034,CUST_0180,Household,Cleaning_Supplies,1,9.23,9.23,61.3
TXN_000035,CUST_0161,Beverages,Juice,2,4.37,8.74,91.0
TXN_000035,CUST_0161,Frozen,Frozen_Meals,2,5.35,10.7,63.0
TXN_000035,CUST_0161,Snacks,Cookies,2,4.01,8.02,99.9
TXN_000035,CUST_0161,Frozen,Ice_Cream,1,6.58,6.58,74.7
TXN_000035,CUST_0161,Personal_Care,Soap,2,2.07,4.14,63.2
TXN_000036,CUST_0101,Pantry,Canned_Goods,1,1.31,1.31,61.0
TXN_000036,CUST_0101,Pantry,Pasta,1,1.74,1.74,55.3
TXN_000036,CUST_0101,Snacks,Cookies,1,5.64,5.64,53.1
TXN_000037,CUST_0064,Snacks,Nuts,2,7.28,14.56,56.1
TXN_000037,CUST_0064,Frozen,Frozen_Vegetables,3,3.63,10.89,68.3
TXN_000038,CUST_0159,Household,Cleaning_Supplies,1,7.68,7.68,85.8
TXN_000038,CUST_0159,Household,Detergent,2,8.52,17.04,99.0
TXN_000038,CUST_0159,Personal_Care,Shampoo,3,5.5,16.5,77.9
TXN_000038,CUST_0159,Personal_Care,Soap,2,1.73,3.46,78.6
TXN_000039,CUST_0195,Snacks,Chips,2,2.87,5.74,43.9
TXN_000039,CUST_0195,Bakery,Bread,1,3.07,3.07,47.1
TXN_000039,CUST_0195,Meat,Deli_Meat,1,5.35,5.35,40.2
TXN_000040,CUST_0208,Personal_Care,Shampoo,3,8.77,26.31,100.0
TXN_000040,CUST_0208,Meat,Fish,1,12.35,12.35,84.6
TXN_000040,CUST_0208,Frozen,Frozen_Vegetables,3,3.93,11.79,100.0
TXN_000040,CUST_0208,Household,Toilet_Paper,1,17.31,17.31,75.7
TXN_000040,CUST_0208,Beverages,Water,2,1.84,3.68,76.8
TXN_000040,CUST_0208,Personal_Care,Soap,1,3.39,3.39,86.1
TXN_000041,CUST_0262,Beverages,Water,3,1.67,5.01,50.5
TXN_000041,CUST_0262,Produce,Onions,2,1.54,3.08,60.8
TXN_000041,CUST_0262,Meat,Fish,3,12.71,38.13,71.6
TXN_000042,CUST_0264,Household,Cleaning_Supplies,1,5.11,5.11,70.1
TXN_000042,CUST_0264,Pantry,Rice,1,4.7,4.7,73.4
TXN_000042,CUST_0264,Household,Detergent,1,10.89,10.89,71.9
TXN_000042,CUST_0264,Bakery,Bagels,1,4.88,4.88,66.2
TXN_000043,CUST_0102,Produce,Tomatoes,1,2.28,2.28,74.1
TXN_000043,CUST_0102,Produce,Lettuce,2,2.84,5.68,100.0
TXN_000043,CUST_0102,Household,Toilet_Paper,3,11.52,34.56,45.3
TXN_000043,CUST_0102,Dairy,Cream,2,2.07,4.14,81.5
TXN_000043,CUST_0102,Bakery,Bagels,2,4.52,9.04,95.2
TXN_000044,CUST_0295,Bakery,Pastries,1,5.54,5.54,86.6
TXN_000044,CUST_0295,Pantry,Spices,1,4.38,4.38,81.4
TXN_000044,CUST_0295,Bakery,Bread,1,3.44,3.44,93.0
TXN_000044,CUST_0295,Produce,Bananas,2,1.25,2.5,86.3
TXN_000044,CUST_0295,Meat,Beef,1,11.46,11.46,100.0
TXN_000044,CUST_0295,Produce,Onions,1,2.36,2.36,95.8
TXN_000044,CUST_0295,Dairy,Butter,1,5.87,5.87,100.0
TXN_000045,CUST_0286,Bakery,Muffins,2,3.01,6.02,76.4
TXN_000045,CUST_0286,Produce,Carrots,3,1.93,5.79,69.4
TXN_000045,CUST_0286,Beverages,Coffee,2,9.88,19.76,79.7
TXN_000046,CUST_0272,Personal_Care,Shampoo,2,8.85,17.7,81.5
TXN_000046,CUST_0272,Personal_Care,Soap,1,3.21,3.21,62.1
TXN_000046,CUST_0272,Frozen,Frozen_Vegetables,5,3.68,18.4,74.0
TXN_000047,CUST_0219,Personal_Care,Shampoo,4,10.96,43.84,100.0
TXN_000047,CUST_0219,Personal_Care,Soap,1,1.16,1.16,64.2
TXN_000047,CUST_0219,Beverages,Water,1,1.8,1.8,51.8
TXN_000048,CUST_0231,Meat,Chicken,1,7.43,7.43,76.4
TXN_000048,CUST_0231,Household,Toilet_Paper,2,14.52,29.04,90.9
TXN_000048,CUST_0231,Household,Paper_Towels,1,9.23,9.23,63.0
TXN_000048,CUST_0231,Meat,Pork,1,9.35,9.35,68.2
TXN_000048,CUST_0231,Pantry,Rice,2,3.9,7.8,100.0
TXN_000048,CUST_0231,Meat,Deli_Meat,1,6.65,6.65,67.8
TXN_000048,CUST_0231,Meat,Fish,1,19.96,19.96,76.1
TXN_000048,CUST_0231,Bakery,Cakes,2,12.17,24.34,68.1
TXN_000049,CUST_0033,Beverages,Soda,3,1.81,5.43,88.8
TXN_000049,CUST_0033,Snacks,Chips,1,2.11,2.11,95.6
TXN_000049,CUST_0033,Beverages,Water,1,1.78,1.78,46.1
TXN_000050,CUST_0200,Personal_Care,Soap,2,2.32,4.64,98.0
TXN_000050,CUST_0200,Dairy,Cheese,1,4.73,4.73,28.4
TXN_000050,CUST_0200,Personal_Care,Deodorant,3,7.73,23.19,67.7
TXN_000050,CUST_0200,Personal_Care,Shampoo,2,7.27,14.54,81.8
TXN_000050,CUST_0200,Meat,Deli_Meat,1,4.62,4.62,52.5
TXN_000051,CUST_0200,Beverages,Soda,1,1.85,1.85,90.2
TXN_000051,CUST_0200,Snacks,Chips,2,2.06,4.12,78.8
TXN_000052,CUST_0250,Bakery,Bagels,2,3.48,6.96,87.0
TXN_000052,CUST_0250,Dairy,Cream,1,2.49,2.49,90.7
TXN_000052,CUST_0250,Beverages,Coffee,3,7.78,23.34,82.6
TXN_000053,CUST_0208,Snacks,Nuts,1,6.35,6.35,66.6
TXN_000053,CUST_0208,Unknown,Beer,3,8.36,25.08,100.0
TXN_000053,CUST_0208,Household,Detergent,1,8.33,8.33,90.5
TXN_000053,CUST_0208,Household,Cleaning_Supplies,1,7.37,7.37,66.0
TXN_000053,CUST_0208,Snacks,Chips,1,3.66,3.66,41.0
TXN_000053,CUST_0208,Produce,Lettuce,4,2.65,10.6,62.6
TXN_000054,CUST_0237,Bakery,Bread,3,2.97,8.91,89.9
TXN_000054,CUST_0237,Dairy,Butter,1,3.56,3.56,76.2
TXN_000054,CUST_0237,Bakery,Bagels,1,4.08,4.08,44.2
TXN_000055,CUST_0195,Meat,Beef,3,17.84,53.52,100.0
TXN_000055,CUST_0195,Beverages,Juice,2,2.52,5.04,30.0
TXN_000055,CUST_0195,Produce,Onions,2,1.98,3.96,92.4
TXN_000056,CUST_0241,Dairy,Cheese,1,4.04,4.04,82.0
TXN_000056,CUST_0241,Dairy,Cream,2,3.33,6.66,100.0
TXN_000056,CUST_0241,Pantry,Cereals,1,5.74,5.74,55.3
TXN_000056,CUST_0241,Snacks,Crackers,2,2.14,4.28,77.8
TXN_000056,CUST_0241,Snacks,Cookies,1,5.08,5.08,66.5
TXN_000056,CUST_0241,Beverages,Coffee,1,7.73,7.73,89.0
TXN_000056,CUST_0241,Bakery,Bagels,1,3.71,3.71,87.2
TXN_000057,CUST_0011,Household,Detergent,1,11.97,11.97,88.4
TXN_000057,CUST_0011,Household,Cleaning_Supplies,4,8.13,32.52,96.9
TXN_000057,CUST_0011,Household,Paper_Towels,1,11.47,11.47,67.8
TXN_000057,CUST_0011,Household,Toilet_Paper,2,13.34,26.68,85.2
TXN_000057,CUST_0011,Produce,Onions,1,2.09,2.09,56.9
TXN_000058,CUST_0059,Produce,Onions,2,1.65,3.3,100.0
TXN_000058,CUST_0059,Produce,Bananas,3,1.29,3.87,94.5
TXN_000058,CUST_0059,Dairy,Yogurt,1,1.89,1.89,74.2
TXN_000058,CUST_0059,Meat,Beef,4,9.37,37.48,95.0
TXN_000058,CUST_0059,Produce,Apples,4,2.17,8.68,78.4
TXN_000059,CUST_0125,Produce,Bananas,2,1.36,2.72,87.3
TXN_000059,CUST_0125,Meat,Deli_Meat,2,6.77,13.54,79.4
TXN_000059,CUST_0125,Household,Paper_Towels,1,9.55,9.55,95.1
TXN_000059,CUST_0125,Personal_Care,Deodorant,5,7.72,38.6,100.0
TXN_000059,CUST_0125,Pantry,Cereals,1,5.09,5.09,96.1
TXN_000059,CUST_0125,Dairy,Milk,1,4.85,4.85,100.0
TXN_000059,CUST_0125,Household,Toilet_Paper,3,13.19,39.57,98.4
TXN_000060,CUST_0007,Beverages,Soda,1,2.39,2.39,91.5
TXN_000060,CUST_0007,Produce,Bananas,1,1.29,1.29,52.5
TXN_000060,CUST_0007,Snacks,Chips,1,4.17,4.17,93.5
TXN_000060,CUST_0007,Frozen,Ice_Cream,2,7.16,14.32,84.5
TXN_000060,CUST_0007,Beverages,Tea,1,6.13,6.13,77.1
TXN_000060,CUST_0007,Snacks,Cookies,1,2.59,2.59,92.1
TXN_000060,CUST_0007,Personal_Care,Deodorant,3,3.11,9.33,54.7
TXN_000061,CUST_0248,Beverages,Tea,3,7.99,23.97,100.0
TXN_000061,CUST_0248,Meat,Beef,1,15.67,15.67,95.9
TXN_000061,CUST_0248,Produce,Onions,2,2.31,4.62,98.1
TXN_000061,CUST_0248,Produce,Apples,5,2.65,13.25,71.5
TXN_000061,CUST_0248,Beverages,Water,2,1.24,2.48,63.9
TXN_000061,CUST_0248,Beverages,Juice,1,3.06,3.06,87.0
TXN_000061,CUST_0248,Snacks,Cookies,1,2.65,2.65,81.6
TXN_000061,CUST_0248,Frozen,Ice_Cream,1,7.95,7.95,84.5
TXN_000062,CUST_0182,Meat,Chicken,1,11.65,11.65,95.3
TXN_000062,CUST_0182,Pantry,Rice,3,2.27,6.81,100.0
TXN_000062,CUST_0182,Meat,Pork,4,9.74,38.96,75.3
TXN_000062,CUST_0182,Frozen,Frozen_Pizza,2,4.67,9.34,54.3
TXN_000062,CUST_0182,Meat,Fish,2,13.66,27.32,76.9
TXN_000062,CUST_0182,Personal_Care,Toothpaste,1,2.53,2.53,40.0
TXN_000063,CUST_0230,Dairy,Cheese,1,4.23,4.23,75.6
TXN_000063,CUST_0230,Snacks,Crackers,4,4.65,18.6,100.0
TXN_000063,CUST_0230,Dairy,Butter,3,5.24,15.72,89.6
TXN_000063,CUST_0230,Bakery,Bread,1,3.63,3.63,100.0
TXN_000063,CUST_0230,Pantry,Cereals,2,4.78,9.56,82.4
TXN_000063,CUST_0230,Dairy,Milk,2,3.18,6.36,85.1
TXN_000064,CUST_0139,Meat,Fish,3,19.42,58.26,100.0
TXN_000064,CUST_0139,Frozen,Frozen_Vegetables,3,3.62,10.86,99.3
TXN_000064,CUST_0139,Pantry,Rice,1,3.23,3.23,71.1
TXN_000065,CUST_0062,Snacks,Crackers,1,4.17,4.17,63.3
TXN_000065,CUST_0062,Dairy,Cheese,1,6.73,6.73,69.9
TXN_000065,CUST_0062,Meat,Pork,1,12.81,12.81,32.2
TXN_000065,CUST_0062,Personal_Care,Shampoo,2,10.6,21.2,61.0
TXN_000066,CUST_0145,Produce,Bananas,2,1.2,2.4,92.7
TXN_000066,CUST_0145,Meat,Fish,3,15.56,46.68,86.1
TXN_000066,CUST_0145,Dairy,Yogurt,3,2.3,6.9,100.0
TXN_000066,CUST_0145,Frozen,Frozen_Vegetables,2,3.36,6.72,92.1
TXN_000067,CUST_0141,Dairy,Yogurt,3,1.24,3.72,86.0
TXN_000067,CUST_0141,Personal_Care,Toothpaste,2,2.48,4.96,46.3
TXN_000067,CUST_0141,Produce,Bananas,3,1.38,4.14,100.0
TXN_000067,CUST_0141,Frozen,Frozen_Meals,1,5.47,5.47,75.0
TXN_000067,CUST_0141,Dairy,Butter,5,5.08,25.4,86.0
TXN_000068,CUST_0241,Beverages,Water,3,1.11,3.33,53.2
TXN_000068,CUST_0241,Beverages,Soda,3,2.31,6.93,98.2
TXN_000068,CUST_0241,Snacks,Chips,2,4.8,9.6,100.0
TXN_000068,CUST_0241,Beverages,Coffee,1,11.56,11.56,100.0
TXN_000068,CUST_0241,Dairy,Cream,1,3.42,3.42,81.6
TXN_000069,CUST_0078,Produce,Tomatoes,2,2.69,5.38,59.2
TXN_000069,CUST_0078,Meat,Deli_Meat,3,7.89,23.67,80.0
TXN_000070,CUST_0044,Bakery,Muffins,2,2.26,4.52,100.0
TXN_000070,CUST_0044,Beverages,Coffee,2,8.12,16.24,100.0
TXN_000070,CUST_0044,Household,Toilet_Paper,1,19.97,19.97,88.4
TXN_000070,CUST_0044,Household,Paper_Towels,1,13.56,13.56,67.4
TXN_000070,CUST_0044,Dairy,Cream,2,2.44,4.88,100.0
TXN_000070,CUST_0044,Bakery,Bagels,2,3.55,7.1,98.5
TXN_000070,CUST_0044,Bakery,Cakes,4,9.06,36.24,77.2
TXN_000070,CUST_0044,Produce,Carrots,1,1.64,1.64,69.2
TXN_000070,CUST_0044,Meat,Pork,1,8.19,8.19,69.6
TXN_000071,CUST_0109,Meat,Chicken,1,6.49,6.49,96.9
TXN_000071,CUST_0109,Produce,Onions,1,1.98,1.98,100.0
TXN_000071,CUST_0109,Pantry,Rice,1,4.9,4.9,100.0
TXN_000071,CUST_0109,Meat,Beef,1,16.69,16.69,100.0
TXN_000071,CUST_0109,Meat,Fish,3,16.89,50.67,100.0
TXN_000071,CUST_0109,Frozen,Frozen_Vegetables,2,2.26,4.52,88.0
TXN_000071,CUST_0109,Personal_Care,Shampoo,1,4.94,4.94,48.9
TXN_000072,CUST_0037,Snacks,Chips,2,3.29,6.58,87.7
TXN_000072,CUST_0037,Beverages,Soda,1,2.37,2.37,68.6
TXN_000072,CUST_0037,Household,Toilet_Paper,1,17.98,17.98,41.4
TXN_000073,CUST_0102,Beverages,Juice,1,3.18,3.18,64.9
TXN_000073,CUST_0102,Snacks,Cookies,1,4.6,4.6,88.2
TXN_000074,CUST_0077,Meat,Beef,3,8.4,25.2,45.3
TXN_000074,CUST_0077,Dairy,Cream,1,2.21,2.21,85.0
TXN_000074,CUST_0077,Beverages,Coffee,2,9.92,19.84,93.7
TXN_000074,CUST_0077,Bakery,Muffins,2,2.02,4.04,89.7
TXN_000074,CUST_0077,Frozen,Frozen_Vegetables,1,2.7,2.7,73.7
TXN_000074,CUST_0077,Meat,Fish,1,8.02,8.02,62.0
TXN_000074,CUST_0077,Bakery,Bagels,2,4.38,8.76,95.8
TXN_000075,CUST_0140,Frozen,Frozen_Vegetables,1,2.33,2.33,72.2
TXN_000075,CUST_0140,Meat,Fish,2,7.41,14.82,71.6
TXN_000075,CUST_0140,Frozen,Frozen_Meals,4,3.21,12.84,71.5
TXN_000075,CUST_0140,Household,Toilet_Paper,3,17.14,51.42,91.9
TXN_000075,CUST_0140,Household,Paper_Towels,3,10.38,31.14,89.9
TXN_000075,CUST_0140,Frozen,Ice_Cream,3,5.81,17.43,71.6
TXN_000075,CUST_0140,Meat,Beef,2,13.26,26.52,60.0
TXN_000076,CUST_0296,Dairy,Yogurt,1,1.24,1.24,46.6
TXN_000076,CUST_0296,Bakery,Pastries,3,3.66,10.98,68.2
TXN_000077,CUST_0241,Frozen,Frozen_Meals,1,5.22,5.22,50.4
TXN_000077,CUST_0241,Meat,Beef,2,10.28,20.56,89.0
TXN_000077,CUST_0241,Produce,Onions,2,1.11,2.22,97.5
TXN_000077,CUST_0241,Frozen,Frozen_Pizza,1,5.03,5.03,63.7
TXN_000077,CUST_0241,Frozen,Frozen_Vegetables,2,3.49,6.98,87.1
TXN_000077,CUST_0241,Meat,Fish,1,11.5,11.5,77.5
TXN_000078,CUST_0165,Household,Cleaning_Supplies,1,9.11,9.11,100.0
TXN_000078,CUST_0165,Household,Detergent,4,9.8,39.2,100.0
TXN_000078,CUST_0165,Household,Toilet_Paper,4,12.11,48.44,89.4
TXN_000078,CUST_0165,Pantry,Spices,2,5.79,11.58,58.0
TXN_000078,CUST_0165,Personal_Care,Toothpaste,2,4.73,9.46,100.0
TXN_000078,CUST_0165,Household,Paper_Towels,1,9.66,9.66,89.8
TXN_000079,CUST_0162,Meat,Chicken,3,8.12,24.36,98.4
TXN_000079,CUST_0162,Pantry,Rice,2,3.08,6.16,78.8
TXN_000079,CUST_0162,Dairy,Milk,1,4.94,4.94,62.6
TXN_000080,CUST_0278,Beverages,Tea,2,4.63,9.26,49.3
TXN_000080,CUST_0278,Beverages,Coffee,4,8.18,32.72,59.8
TXN_000080,CUST_0278,Frozen,Frozen_Meals,1,3.29,3.29,45.6
TXN_000080,CUST_0278,Dairy,Butter,1,5.57,5.57,59.7
TXN_000081,CUST_0105,Meat,Beef,1,14.17,14.17,78.3
TXN_000081,CUST_0105,Produce,Onions,1,1.06,1.06,79.2
TXN_000081,CUST_0105,Meat,Chicken,2,9.65,19.3,100.0
TXN_000081,CUST_0105,Pantry,Rice,3,3.76,11.28,93.3
TXN_000082,CUST_0082,Meat,Fish,1,8.45,8.45,84.4
TXN_000082,CUST_0082,Frozen,Frozen_Vegetables,2,3.87,7.74,100.0
TXN_000082,CUST_0082,Produce,Carrots,1,1.12,1.12,90.9
TXN_000082,CUST_0082,Meat,Beef,1,13.07,13.07,94.4
TXN_000082,CUST_0082,Produce,Onions,1,1.22,1.22,92.3
TXN_000082,CUST_0082,Meat,Pork,1,10.12,10.12,77.8
TXN_000082,CUST_0082,Meat,Deli_Meat,1,6.67,6.67,83.9
TXN_000083,CUST_0234,Personal_Care,Shampoo,2,11.76,23.52,84.7
TXN_000083,CUST_0234,Personal_Care,Soap,1,3.02,3.02,78.6
TXN_000083,CUST_0234,Frozen,Frozen_Vegetables,1,3.39,3.39,43.7
TXN_000084,CUST_0070,Dairy,Cream,4,3.37,13.48,100.0
TXN_000084,CUST_0070,Bakery,Bagels,3,4.14,12.42,98.5
TXN_000084,CUST_0070,Beverages,Coffee,1,11.52,11.52,100.0
TXN_000084,CUST_0070,Meat,Deli_Meat,1,6.64,6.64,64.5
TXN_000084,CUST_0070,Household,Toilet_Paper,1,16.51,16.51,82.4
TXN_000084,CUST_0070,Household,Paper_Towels,5,8.34,41.7,79.0
TXN_000084,CUST_0070,Frozen,Frozen_Vegetables,5,2.81,14.05,82.6
TXN_000085,CUST_0276,Beverages,Water,2,1.88,3.76,91.4
TXN_000085,CUST_0276,Beverages,Tea,1,4.64,4.64,73.4
TXN_000085,CUST_0276,Beverages,Soda,3,2.7,8.1,100.0
TXN_000085,CUST_0276,Bakery,Muffins,1,3.64,3.64,71.0
TXN_000085,CUST_0276,Snacks,Chips,1,2.97,2.97,86.8
TXN_000086,CUST_0211,Dairy,Yogurt,1,2.04,2.04,62.1
TXN_000086,CUST_0211,Produce,Bananas,1,1.06,1.06,52.8
TXN_000086,CUST_0211,Beverages,Soda,1,1.61,1.61,83.1
TXN_000086,CUST_0211,Snacks,Chips,2,3.39,6.78,96.1
TXN_000087,CUST_0254,Dairy,Yogurt,3,1.78,5.34,75.4
TXN_000087,CUST_0254,Produce,Bananas,1,1.07,1.07,69.8
TXN_000087,CUST_0254,Beverages,Water,1,1.58,1.58,63.6
TXN_000087,CUST_0254,Dairy,Milk,3,4.63,13.89,74.8
TXN_000088,CUST_0074,Beverages,Soda,4,1.53,6.12,98.1
TXN_000088,CUST_0074,Produce,Tomatoes,1,3.85,3.85,100.0
TXN_000088,CUST_0074,Snacks,Chips,1,4.8,4.8,99.0
TXN_000088,CUST_0074,Produce,Lettuce,1,1.89,1.89,87.8
TXN_000088,CUST_0074,Pantry,Canned_Goods,1,1.61,1.61,76.4
TXN_000088,CUST_0074,Personal_Care,Deodorant,1,6.05,6.05,66.1
TXN_000089,CUST_0195,Meat,Deli_Meat,1,5.65,5.65,73.9
TXN_000089,CUST_0195,Frozen,Frozen_Vegetables,2,2.36,4.72,61.7
TXN_000089,CUST_0195,Dairy,Yogurt,2,2.06,4.12,99.3
TXN_000089,CUST_0195,Meat,Chicken,1,11.74,11.74,100.0
TXN_000089,CUST_0195,Pantry,Rice,1,4.42,4.42,100.0
TXN_000089,CUST_0195,Produce,Bananas,2,1.47,2.94,100.0
TXN_000090,CUST_0223,Produce,Bananas,3,1.42,4.26,98.4
TXN_000090,CUST_0223,Snacks,Nuts,2,7.29,14.58,92.7
TXN_000090,CUST_0223,Beverages,Tea,3,7.5,22.5,79.0
TXN_000090,CUST_0223,Unknown,Beer,3,3.47,10.41,83.5
TXN_000090,CUST_0223,Dairy,Yogurt,3,1.64,4.92,83.6
TXN_000091,CUST_0167,Dairy,Butter,1,4.97,4.97,97.2
TXN_000091,CUST_0167,Bakery,Bread,1,3.47,3.47,92.2
TXN_000091,CUST_0167,Dairy,Cream,1,2.05,2.05,88.6
TXN_000091,CUST_0167,Beverages,Coffee,2,9.25,18.5,75.7
TXN_000091,CUST_0167,Bakery,Bagels,1,4.19,4.19,97.1
TXN_000092,CUST_0196,Household,Detergent,5,7.23,36.15,53.6
TXN_000092,CUST_0196,Frozen,Ice_Cream,1,6.87,6.87,93.1
TXN_000092,CUST_0196,Produce,Tomatoes,2,3.98,7.96,100.0
TXN_000092,CUST_0196,Produce,Lettuce,1,1.62,1.62,83.0
TXN_000092,CUST_0196,Snacks,Cookies,1,5.63,5.63,90.3
TXN_000093,CUST_0005,Beverages,Tea,1,3.35,3.35,36.9
TXN_000093,CUST_0005,Snacks,Cookies,2,2.74,5.48,73.0
TXN_000093,CUST_0005,Frozen,Ice_Cream,2,7.52,15.04,98.6
TXN_000094,CUST_0227,Pantry,Pasta,2,1.99,3.98,82.8
TXN_000094,CUST_0227,Meat,Fish,5,15.6,78.0,95.3
TXN_000094,CUST_0227,Beverages,Tea,2,6.65,13.3,57.4
TXN_000094,CUST_0227,Frozen,Frozen_Vegetables,2,3.92,7.84,100.0
TXN_000094,CUST_0227,Bakery,Pastries,1,5.07,5.07,56.4
TXN_000094,CUST_0227,Personal_Care,Shampoo,1,7.6,7.6,43.7
TXN_000095,CUST_0055,Bakery,Muffins,1,3.33,3.33,90.7
TXN_000095,CUST_0055,Beverages,Coffee,1,11.95,11.95,98.7
TXN_000095,CUST_0055,Dairy,Cream,4,3.08,12.32,100.0
TXN_000095,CUST_0055,Bakery,Bagels,2,3.18,6.36,100.0
TXN_000095,CUST_0055,Bakery,Cakes,3,8.89,26.67,78.0
TXN_000095,CUST_0055,Dairy,Butter,2,3.59,7.18,87.7
TXN_000096,CUST_0255,Meat,Pork,1,8.88,8.88,40.3
TXN_000096,CUST_0255,Bakery,Bagels,1,3.89,3.89,84.1
TXN_000096,CUST_0255,Pantry,Cereals,2,4.55,9.1,63.0
TXN_000096,CUST_0255,Dairy,Cream,5,3.7,18.5,100.0
TXN_000097,CUST_0129,Snacks,Chips,4,2.35,9.4,43.5
TXN_000097,CUST_0129,Household,Cleaning_Supplies,3,9.08,27.24,78.3
TXN_000097,CUST_0129,Produce,Lettuce,3,2.69,8.07,49.9
TXN_000098,CUST_0050,Household,Paper_Towels,1,12.86,12.86,43.1
TXN_000098,CUST_0050,Meat,Fish,1,19.68,19.68,78.7
TXN_000098,CUST_0050,Dairy,Yogurt,1,2.29,2.29,88.8
TXN_000098,CUST_0050,Produce,Bananas,4,1.14,4.56,100.0
TXN_000099,CUST_0068,Produce,Apples,2,2.1,4.2,67.5
TXN_000099,CUST_0068,Pantry,Rice,1,3.1,3.1,59.1
TXN_000099,CUST_0068,Bakery,Pastries,1,3.94,3.94,45.4
TXN_000100,CUST_0103,Produce,Lettuce,1,1.66,1.66,55.3
TXN_000100,CUST_0103,Pantry,Cereals,2,4.95,9.9,100.0
TXN_000100,CUST_0103,Dairy,Milk,1,3.12,3.12,78.3
TXN_000100,CUST_0103,Meat,Pork,1,13.96,13.96,100.0
TXN_000100,CUST_0103,Frozen,Frozen_Pizza,1,6.78,6.78,60.1
TXN_000101,CUST_0152,Snacks,Crackers,1,3.53,3.53,87.6
TXN_000101,CUST_0152,Produce,Carrots,5,1.81,9.05,72.7
TXN_000101,CUST_0152,Dairy,Cheese,2,6.11,12.22,95.3
TXN_000101,CUST_0152,Snacks,Candy,1,1.39,1.39,54.0
TXN_000101,CUST_0152,Beverages,Juice,1,3.1,3.1,82.9
TXN_000101,CUST_0152,Personal_Care,Deodorant,1,7.14,7.14,77.0
TXN_000102,CUST_0188,Produce,Apples,1,2.22,2.22,51.1
TXN_000102,CUST_0188,Dairy,Milk,1,3.52,3.52,40.6
TXN_000103,CUST_0136,Frozen,Frozen_Pizza,1,4.05,4.05,48.1
TXN_000103,CUST_0136,Frozen,Frozen_Meals,1,6.9,6.9,62.0
TXN_000103,CUST_0136,Household,Detergent,2,10.09,20.18,87.8
TXN_000103,CUST_0136,Household,Cleaning_Supplies,3,3.69,11.07,69.5
TXN_000103,CUST_0136,Frozen,Ice_Cream,1,6.95,6.95,54.7
TXN_000104,CUST_0288,Meat,Deli_Meat,1,5.58,5.58,66.8
TXN_000104,CUST_0288,Bakery,Bagels,3,4.91,14.73,77.3
TXN_000104,CUST_0288,Household,Cleaning_Supplies,3,5.21,15.63,84.2
TXN_000104,CUST_0288,Snacks,Crackers,1,4.52,4.52,84.6
TXN_000104,CUST_0288,Household,Detergent,1,14.12,14.12,100.0
TXN_000105,CUST_0060,Produce,Lettuce,3,2.46,7.38,94.2
TXN_000105,CUST_0060,Produce,Tomatoes,2,2.13,4.26,78.5
TXN_000105,CUST_0060,Produce,Apples,2,2.27,4.54,73.5
TXN_000105,CUST_0060,Produce,Carrots,2,1.04,2.08,64.9
TXN_000105,CUST_0060,Produce,Onions,1,1.11,1.11,76.4
TXN_000105,CUST_0060,Meat,Beef,1,17.57,17.57,100.0
TXN_000106,CUST_0213,Household,Toilet_Paper,1,17.75,17.75,80.4
TXN_000106,CUST_0213,Household,Paper_Towels,2,9.3,18.6,77.5
TXN_000106,CUST_0213,Meat,Beef,1,8.21,8.21,75.8
TXN_000106,CUST_0213,Produce,Onions,1,2.45,2.45,100.0
TXN_000107,CUST_0112,Beverages,Coffee,1,6.44,6.44,73.9
TXN_000107,CUST_0112,Dairy,Cream,1,3.23,3.23,100.0
TXN_000107,CUST_0112,Produce,Carrots,2,1.04,2.08,72.8
TXN_000107,CUST_0112,Pantry,Spices,4,6.79,27.16,88.6
TXN_000107,CUST_0112,Bakery,Bagels,2,4.62,9.24,100.0
TXN_000108,CUST_0032,Pantry,Spices,1,4.03,4.03,56.6
TXN_000108,CUST_0032,Beverages,Water,1,1.61,1.61,39.3
TXN_000108,CUST_0032,Pantry,Rice,4,2.72,10.88,100.0
TXN_000108,CUST_0032,Meat,Chicken,3,9.52,28.56,100.0
TXN_000108,CUST_0032,Pantry,Cereals,1,5.45,5.45,100.0
TXN_000108,CUST_0032,Dairy,Milk,3,3.92,11.76,91.3
TXN_000109,CUST_0111,Bakery,Bagels,2,4.55,9.1,89.7
TXN_000109,CUST_0111,Dairy,Cream,2,3.97,7.94,100.0
TXN_000109,CUST_0111,Household,Paper_Towels,4,8.3,33.2,91.2
TXN_000109,CUST_0111,Beverages,Coffee,2,10.72,21.44,100.0
TXN_000109,CUST_0111,Personal_Care,Soap,1,2.52,2.52,79.0
TXN_000109,CUST_0111,Household,Toilet_Paper,2,15.9,31.8,100.0
TXN_000109,CUST_0111,Bakery,Muffins,2,2.6,5.2,100.0
TXN_000110,CUST_0068,Dairy,Milk,2,4.52,9.04,100.0
TXN_000110,CUST_0068,Pantry,Cereals,1,4.38,4.38,78.3
TXN_000110,CUST_0068,Dairy,Butter,3,4.01,12.03,97.2
TXN_000110,CUST_0068,Bakery,Bread,2,3.47,6.94,93.4
TXN_000110,CUST_0068,Frozen,Frozen_Pizza,1,7.14,7.14,88.6
TXN_000110,CUST_0068,Dairy,Cream,2,2.01,4.02,86.7
TXN_000110,CUST_0068,Beverages,Coffee,4,7.58,30.32,97.2
TXN_000111,CUST_0023,Snacks,Nuts,1,6.44,6.44,38.5
TXN_000111,CUST_0023,Household,Cleaning_Supplies,2,9.2,18.4,76.2
TXN_000111,CUST_0023,Household,Detergent,2,9.52,19.04,91.4
TXN_000111,CUST_0023,Dairy,Cheese,1,6.48,6.48,39.0
TXN_000112,CUST_0032,Beverages,Water,3,1.09,3.27,39.6
TXN_000112,CUST_0032,Beverages,Juice,2,2.19,4.38,63.5
TXN_000112,CUST_0032,Frozen,Frozen_Meals,2,5.25,10.5,69.5
TXN_000112,CUST_0032,Beverages,Tea,2,7.02,14.04,77.7
TXN_000113,CUST_0038,Produce,Apples,3,2.25,6.75,62.9
TXN_000113,CUST_0038,Produce,Carrots,2,1.79,3.58,47.8
TXN_000113,CUST_0038,Produce,Tomatoes,2,2.88,5.76,74.5
TXN_000113,CUST_0038,Produce,Lettuce,1,1.63,1.63,52.9
TXN_000114,CUST_0233,Frozen,Frozen_Vegetables,2,3.47,6.94,44.8
TXN_000114,CUST_0233,Produce,Bananas,2,1.35,2.7,67.8
TXN_000114,CUST_0233,Produce,Lettuce,1,2.11,2.11,42.0
TXN_000115,CUST_0283,Snacks,Nuts,2,5.48,10.96,96.7
TXN_000115,CUST_0283,Beverages,Juice,1,3.0,3.0,90.8
TXN_000115,CUST_0283,Unknown,Beer,2,3.69,7.38,94.2
TXN_000115,CUST_0283,Snacks,Cookies,4,3.41,13.64,100.0
TXN_000115,CUST_0283,Frozen,Ice_Cream,3,4.74,14.22,77.4
TXN_000116,CUST_0161,Beverages,Juice,1,3.45,3.45,89.8
TXN_000116,CUST_0161,Snacks,Cookies,1,5.05,5.05,100.0
TXN_000116,CUST_0161,Frozen,Ice_Cream,3,4.64,13.92,71.0
TXN_000116,CUST_0161,Frozen,Frozen_Vegetables,3,3.31,9.93,91.4
TXN_000116,CUST_0161,Meat,Fish,4,7.9,31.6,81.2
TXN_000116,CUST_0161,Beverages,Tea,1,4.23,4.23,63.4
TXN_000116,CUST_0161,Household,Paper_Towels,4,9.75,39.0,74.3
TXN_000117,CUST_0031,Personal_Care,Soap,3,1.2,3.6,62.6
TXN_000117,CUST_0031,Personal_Care,Shampoo,1,4.27,4.27,60.8
TXN_000117,CUST_0031,Personal_Care,Deodorant,1,4.74,4.74,36.0
TXN_000117,CUST_0031,Beverages,Juice,3,2.07,6.21,46.0
TXN_000118,CUST_0027,Meat,Pork,4,6.42,25.68,87.7
TXN_000118,CUST_0027,Pantry,Canned_Goods,1,1.52,1.52,100.0
TXN_000118,CUST_0027,Pantry,Pasta,1,2.35,2.35,85.0
TXN_000118,CUST_0027,Meat,Chicken,1,11.8,11.8,97.1
TXN_000118,CUST_0027,Pantry,Rice,1,2.45,2.45,94.3
TXN_000119,CUST_0059,Meat,Beef,1,16.51,16.51,100.0
TXN_000119,CUST_0059,Produce,Onions,1,2.29,2.29,100.0
TXN_000119,CUST_0059,Household,Toilet_Paper,2,10.68,21.36,46.0
TXN_000120,CUST_0286,Dairy,Cheese,1,5.94,5.94,59.5
TXN_000120,CUST_0286,Snacks,Chips,1,4.84,4.84,63.5
TXN_000121,CUST_0137,Dairy,Cheese,1,6.6,6.6,87.2
TXN_000121,CUST_0137,Snacks,Crackers,2,2.19,4.38,89.2
TXN_000121,CUST_0137,Pantry,Canned_Goods,1,1.1,1.1,70.5
TXN_000121,CUST_0137,Pantry,Pasta,3,1.8,5.4,83.3
TXN_000121,CUST_0137,Dairy,Yogurt,1,2.14,2.14,50.9
TXN_000122,CUST_0016,Produce,Apples,1,2.82,2.82,67.7
TXN_000122,CUST_0016,Bakery,Bagels,5,4.54,22.7,92.5
TXN_000122,CUST_0016,Dairy,Cream,1,2.13,2.13,92.1
TXN_000122,CUST_0016,Beverages,Coffee,2,8.48,16.96,100.0
TXN_000122,CUST_0016,Bakery,Muffins,1,3.31,3.31,86.6
TXN_000123,CUST_0291,Personal_Care,Deodorant,4,4.02,16.08,76.2
TXN_000123,CUST_0291,Personal_Care,Shampoo,2,6.3,12.6,90.9
TXN_000123,CUST_0291,Dairy,Butter,2,5.49,10.98,100.0
TXN_000123,CUST_0291,Meat,Pork,1,13.32,13.32,60.2
TXN_000123,CUST_0291,Bakery,Bread,2,3.59,7.18,98.9
TXN_000123,CUST_0291,Personal_Care,Soap,1,3.57,3.57,92.9
TXN_000124,CUST_0213,Meat,Beef,1,10.02,10.02,100.0
TXN_000124,CUST_0213,Produce,Onions,1,2.34,2.34,100.0
TXN_000124,CUST_0213,Meat,Deli_Meat,1,6.46,6.46,100.0
TXN_000124,CUST_0213,Meat,Chicken,1,11.18,11.18,100.0
TXN_000124,CUST_0213,Pantry,Rice,4,3.25,13.0,100.0
TXN_000124,CUST_0213,Meat,Pork,5,11.34,56.7,100.0
TXN_000124,CUST_0213,Pantry,Pasta,3,2.14,6.42,100.0
TXN_000124,CUST_0213,Pantry,Canned_Goods,1,1.03,1.03,99.5
TXN_000124,CUST_0213,Bakery,Pastries,2,5.67,11.34,100.0
TXN_000124,CUST_0213,Meat,Fish,1,16.51,16.51,100.0
TXN_000125,CUST_0257,Personal_Care,Shampoo,2,9.68,19.36,85.6
TXN_000125,CUST_0257,Pantry,Pasta,1,2.21,2.21,88.7
TXN_000125,CUST_0257,Personal_Care,Soap,1,2.48,2.48,90.4
TXN_000125,CUST_0257,Pantry,Canned_Goods,3,1.67,5.01,100.0
TXN_000125,CUST_0257,Meat,Deli_Meat,3,4.4,13.2,67.3
TXN_000125,CUST_0257,Personal_Care,Deodorant,1,3.71,3.71,39.7
TXN_000125,CUST_0257,Personal_Care,Toothpaste,2,3.95,7.9,46.8
TXN_000126,CUST_0088,Household,Detergent,1,13.57,13.57,98.2
TXN_000126,CUST_0088,Household,Cleaning_Supplies,2,3.88,7.76,77.8
TXN_000126,CUST_0088,Bakery,Muffins,2,2.65,5.3,94.3
TXN_000126,CUST_0088,Beverages,Coffee,1,10.99,10.99,100.0
TXN_000126,CUST_0088,Dairy,Cream,1,3.67,3.67,100.0
TXN_000127,CUST_0159,Snacks,Crackers,2,2.92,5.84,77.2
TXN_000127,CUST_0159,Dairy,Cheese,1,4.13,4.13,78.2
TXN_000127,CUST_0159,Produce,Apples,4,2.81,11.24,81.5
TXN_000127,CUST_0159,Snacks,Cookies,3,5.26,15.78,54.3
TXN_000127,CUST_0159,Pantry,Cereals,4,5.01,20.04,100.0
TXN_000127,CUST_0159,Dairy,Milk,2,3.22,6.44,64.4
TXN_000128,CUST_0076,Bakery,Muffins,2,2.76,5.52,79.8
TXN_000128,CUST_0076,Beverages,Coffee,5,5.78,28.9,95.7
TXN_000128,CUST_0076,Dairy,Cream,2,3.84,7.68,100.0
TXN_000128,CUST_0076,Snacks,Cookies,1,5.5,5.5,100.0
TXN_000128,CUST_0076,Beverages,Juice,3,4.41,13.23,100.0
TXN_000128,CUST_0076,Frozen,Ice_Cream,1,7.85,7.85,97.5
TXN_000128,CUST_0076,Household,Toilet_Paper,3,12.82,38.46,72.7
TXN_000129,CUST_0166,Household,Paper_Towels,1,12.93,12.93,87.7
TXN_000129,CUST_0166,Household,Toilet_Paper,1,10.12,10.12,85.7
TXN_000129,CUST_0166,Household,Cleaning_Supplies,1,5.11,5.11,82.1
TXN_000129,CUST_0166,Personal_Care,Soap,1,3.23,3.23,100.0
TXN_000129,CUST_0166,Household,Detergent,1,14.13,14.13,100.0
TXN_000129,CUST_0166,Personal_Care,Shampoo,2,11.14,22.28,100.0
TXN_000129,CUST_0166,Meat,Pork,1,6.63,6.63,50.9
TXN_000130,CUST_0040,Household,Toilet_Paper,2,19.95,39.9,62.8
TXN_000130,CUST_0040,Produce,Apples,3,2.28,6.84,46.6
TXN_000131,CUST_0260,Pantry,Cereals,4,5.01,20.04,83.9
TXN_000131,CUST_0260,Dairy,Milk,3,4.76,14.28,99.2
TXN_000132,CUST_0231,Personal_Care,Toothpaste,1,3.3,3.3,66.5
TXN_000132,CUST_0231,Meat,Deli_Meat,3,6.41,19.23,52.9
TXN_000132,CUST_0231,Frozen,Frozen_Meals,2,5.53,11.06,60.6
TXN_000132,CUST_0231,Personal_Care,Shampoo,2,9.62,19.24,53.6
TXN_000133,CUST_0176,Snacks,Candy,1,2.46,2.46,42.2
TXN_000133,CUST_0176,Snacks,Chips,2,4.85,9.7,100.0
TXN_000133,CUST_0176,Beverages,Soda,2,2.45,4.9,97.9
TXN_000134,CUST_0225,Frozen,Frozen_Meals,1,4.45,4.45,40.1
TXN_000134,CUST_0225,Frozen,Frozen_Vegetables,1,2.55,2.55,44.7
TXN_000135,CUST_0145,Pantry,Cereals,1,4.45,4.45,88.6
TXN_000135,CUST_0145,Dairy,Milk,1,3.41,3.41,90.1
TXN_000135,CUST_0145,Dairy,Cream,2,2.01,4.02,100.0
TXN_000135,CUST_0145,Snacks,Cookies,2,4.29,8.58,100.0
TXN_000135,CUST_0145,Frozen,Ice_Cream,1,7.73,7.73,100.0
TXN_000135,CUST_0145,Beverages,Juice,2,2.34,4.68,96.4
TXN_000135,CUST_0145,Bakery,Bagels,1,4.01,4.01,99.9
TXN_000135,CUST_0145,Snacks,Candy,2,3.98,7.96,100.0
TXN_000135,CUST_0145,Pantry,Spices,1,3.65,3.65,49.0
TXN_000136,CUST_0042,Personal_Care,Soap,4,3.14,12.56,67.1
TXN_000136,CUST_0042,Pantry,Pasta,2,1.96,3.92,74.1
TXN_000136,CUST_0042,Pantry,Canned_Goods,1,1.12,1.12,61.2
TXN_000136,CUST_0042,Personal_Care,Shampoo,2,9.49,18.98,75.9
TXN_000137,CUST_0159,Personal_Care,Shampoo,1,4.97,4.97,62.9
TXN_000137,CUST_0159,Personal_Care,Soap,1,3.25,3.25,84.1
TXN_000137,CUST_0159,Snacks,Cookies,2,4.88,9.76,61.7
TXN_000137,CUST_0159,Snacks,Nuts,1,8.75,8.75,56.7
TXN_000137,CUST_0159,Produce,Apples,3,2.59,7.77,70.1
TXN_000138,CUST_0217,Frozen,Frozen_Vegetables,4,2.13,8.52,62.9
TXN_000138,CUST_0217,Meat,Fish,1,12.49,12.49,80.9
TXN_000138,CUST_0217,Pantry,Pasta,1,2.23,2.23,50.6
TXN_000139,CUST_0249,Bakery,Pastries,2,4.03,8.06,63.7
TXN_000139,CUST_0249,Bakery,Bread,2,3.3,6.6,91.8
TXN_000139,CUST_0249,Dairy,Butter,1,5.18,5.18,91.8
TXN_000140,CUST_0260,Frozen,Frozen_Pizza,1,7.16,7.16,56.1
TXN_000140,CUST_0260,Frozen,Frozen_Meals,3,6.43,19.29,67.0
TXN_000140,CUST_0260,Frozen,Ice_Cream,4,5.72,22.88,88.3
TXN_000140,CUST_0260,Snacks,Cookies,1,4.6,4.6,56.0
TXN_000141,CUST_0084,Bakery,Bread,2,2.75,5.5,71.0
TXN_000141,CUST_0084,Household,Paper_Towels,1,14.23,14.23,85.3
TXN_000141,CUST_0084,Produce,Onions,1,1.23,1.23,45.4
TXN_000141,CUST_0084,Dairy,Yogurt,2,1.51,3.02,71.7
TXN_000141,CUST_0084,Household,Toilet_Paper,1,14.1,14.1,88.9
TXN_000141,CUST_0084,Snacks,Cookies,2,3.78,7.56,53.5
TXN_000142,CUST_0146,Snacks,Crackers,5,3.36,16.8,53.5
TXN_000142,CUST_0146,Bakery,Bagels,1,3.06,3.06,73.4
TXN_000142,CUST_0146,Dairy,Cream,2,3.93,7.86,99.5
TXN_000143,CUST_0241,Bakery,Pastries,1,3.48,3.48,34.1
TXN_000143,CUST_0241,Beverages,Tea,1,6.78,6.78,30.6
TXN_000144,CUST_0237,Meat,Pork,1,13.65,13.65,92.2
TXN_000144,CUST_0237,Frozen,Frozen_Meals,1,6.55,6.55,94.4
TXN_000144,CUST_0237,Bakery,Pastries,5,3.87,19.35,88.0
TXN_000144,CUST_0237,Produce,Lettuce,4,2.08,8.32,94.4
TXN_000144,CUST_0237,Dairy,Butter,2,3.89,7.78,69.0
TXN_000144,CUST_0237,Beverages,Juice,2,3.63,7.26,73.1
TXN_000144,CUST_0237,Produce,Tomatoes,1,2.6,2.6,99.0
TXN_000144,CUST_0237,Household,Paper_Towels,1,9.36,9.36,48.7
TXN_000145,CUST_0064,Meat,Pork,4,10.46,41.84,73.2
TXN_000145,CUST_0064,Meat,Deli_Meat,1,6.32,6.32,63.6
TXN_000145,CUST_0064,Produce,Tomatoes,2,2.98,5.96,64.1
TXN_000145,CUST_0064,Produce,Apples,1,2.99,2.99,82.3
TXN_000146,CUST_0114,Beverages,Coffee,2,6.41,12.82,100.0
TXN_000146,CUST_0114,Dairy,Cheese,1,4.16,4.16,100.0
TXN_000146,CUST_0114,Bakery,Muffins,1,3.93,3.93,98.0
TXN_000146,CUST_0114,Dairy,Cream,4,3.44,13.76,100.0
TXN_000146,CUST_0114,Snacks,Crackers,1,4.37,4.37,90.8
TXN_000147,CUST_0192,Bakery,Bagels,3,3.55,10.65,88.0
TXN_000147,CUST_0192,Dairy,Cream,5,2.97,14.85,85.6
TXN_000147,CUST_0192,Snacks,Chips,3,3.77,11.31,42.4
TXN_000148,CUST_0172,Produce,Tomatoes,3,2.77,8.31,72.3
TXN_000148,CUST_0172,Produce,Lettuce,2,2.24,4.48,86.4
TXN_000148,CUST_0172,Frozen,Frozen_Vegetables,5,2.82,14.1,61.8
TXN_000149,CUST_0072,Snacks,Candy,3,2.72,8.16,83.3
TXN_000149,CUST_0072,Snacks,Chips,3,2.19,6.57,87.4
TXN_000149,CUST_0072,Beverages,Soda,3,2.17,6.51,100.0
TXN_000149,CUST_0072,Personal_Care,Toothpaste,4,2.06,8.24,78.5
TXN_000149,CUST_0072,Household,Paper_Towels,1,12.81,12.81,97.6
TXN_000149,CUST_0072,Household,Toilet_Paper,1,12.99,12.99,98.8
TXN_000149,CUST_0072,Bakery,Muffins,1,3.61,3.61,62.8
TXN_000150,CUST_0155,Produce,Carrots,1,2.0,2.0,99.5
TXN_000150,CUST_0155,Produce,Onions,2,2.24,4.48,100.0
TXN_000150,CUST_0155,Meat,Beef,2,9.43,18.86,100.0
TXN_000150,CUST_0155,Frozen,Frozen_Pizza,3,7.08,21.24,88.5
TXN_000150,CUST_0155,Produce,Bananas,3,1.23,3.69,100.0
TXN_000150,CUST_0155,Pantry,Pasta,1,2.23,2.23,98.7
TXN_000150,CUST_0155,Pantry,Canned_Goods,1,1.13,1.13,84.0
TXN_000150,CUST_0155,Dairy,Yogurt,1,1.17,1.17,69.9
TXN_000150,CUST_0155,Produce,Tomatoes,1,3.0,3.0,91.7
TXN_000151,CUST_0185,Dairy,Cream,2,2.1,4.2,86.7
TXN_000151,CUST_0185,Personal_Care,Shampoo,1,5.86,5.86,74.3
TXN_000151,CUST_0185,Personal_Care,Soap,1,3.41,3.41,93.8
TXN_000151,CUST_0185,Bakery,Bagels,4,3.64,14.56,100.0
TXN_000151,CUST_0185,Dairy,Yogurt,1,1.34,1.34,65.6
TXN_000151,CUST_0185,Beverages,Soda,2,2.04,4.08,63.2
TXN_000152,CUST_0130,Snacks,Crackers,1,4.67,4.67,70.8
TXN_000152,CUST_0130,Dairy,Cheese,2,6.5,13.0,89.5
TXN_000152,CUST_0130,Household,Toilet_Paper,1,16.83,16.83,86.5
TXN_000152,CUST_0130,Household,Paper_Towels,3,13.63,40.89,96.2
TXN_000152,CUST_0130,Snacks,Candy,2,2.56,5.12,66.1
TXN_000153,CUST_0090,Snacks,Chips,1,2.85,2.85,75.9
TXN_000153,CUST_0090,Beverages,Soda,1,2.44,2.44,75.0
TXN_000153,CUST_0090,Produce,Lettuce,1,2.56,2.56,70.1
TXN_000153,CUST_0090,Produce,Tomatoes,1,3.68,3.68,78.1
TXN_000154,CUST_0019,Meat,Pork,1,8.16,8.16,64.0
TXN_000154,CUST_0019,Dairy,Yogurt,3,1.47,4.41,81.1
TXN_000154,CUST_0019,Produce,Bananas,1,1.44,1.44,96.5
TXN_000155,CUST_0264,Pantry,Spices,4,2.54,10.16,46.5
TXN_000155,CUST_0264,Personal_Care,Shampoo,1,9.06,9.06,85.9
TXN_000155,CUST_0264,Personal_Care,Soap,2,1.01,2.02,72.2
TXN_000155,CUST_0264,Bakery,Pastries,2,5.9,11.8,61.5
TXN_000156,CUST_0147,Pantry,Pasta,4,2.55,10.2,87.1
TXN_000156,CUST_0147,Dairy,Butter,3,5.11,15.33,96.5
TXN_000156,CUST_0147,Pantry,Canned_Goods,1,1.72,1.72,80.0
TXN_000156,CUST_0147,Bakery,Bread,1,2.92,2.92,94.8
TXN_000156,CUST_0147,Pantry,Cereals,1,4.11,4.11,50.9
TXN_000156,CUST_0147,Beverages,Tea,3,5.08,15.24,62.8
TXN_000157,CUST_0174,Bakery,Bread,3,2.42,7.26,96.0
TXN_000157,CUST_0174,Dairy,Butter,3,4.04,12.12,100.0
TXN_000157,CUST_0174,Meat,Fish,2,14.9,29.8,82.1
TXN_000157,CUST_0174,Beverages,Water,2,1.74,3.48,59.7
TXN_000157,CUST_0174,Frozen,Frozen_Vegetables,1,3.29,3.29,100.0
TXN_000157,CUST_0174,Bakery,Pastries,1,5.67,5.67,73.9
TXN_000157,CUST_0174,Bakery,Bagels,1,3.74,3.74,51.0
TXN_000158,CUST_0219,Produce,Onions,1,1.57,1.57,96.0
TXN_000158,CUST_0219,Pantry,Canned_Goods,1,1.04,1.04,83.2
TXN_000158,CUST_0219,Pantry,Pasta,1,2.11,2.11,87.0
TXN_000158,CUST_0219,Beverages,Water,2,1.6,3.2,62.8
TXN_000158,CUST_0219,Meat,Beef,4,13.19,52.76,100.0
TXN_000158,CUST_0219,Produce,Carrots,2,1.31,2.62,98.7
TXN_000158,CUST_0219,Bakery,Pastries,2,5.93,11.86,83.7
TXN_000159,CUST_0016,Produce,Tomatoes,1,3.54,3.54,43.1
TXN_000159,CUST_0016,Snacks,Cookies,1,2.56,2.56,36.5
TXN_000159,CUST_0016,Dairy,Yogurt,1,2.16,2.16,27.7
TXN_000160,CUST_0065,Dairy,Cream,1,2.6,2.6,87.0
TXN_000160,CUST_0065,Bakery,Bagels,2,4.95,9.9,100.0
TXN_000160,CUST_0065,Beverages,Coffee,3,8.21,24.63,91.0
TXN_000160,CUST_0065,Snacks,Nuts,1,6.42,6.42,54.2
TXN_000161,CUST_0231,Pantry,Canned_Goods,1,1.12,1.12,66.9
TXN_000161,CUST_0231,Pantry,Pasta,4,2.91,11.64,100.0
TXN_000161,CUST_0231,Pantry,Cereals,1,4.1,4.1,90.4
TXN_000161,CUST_0231,Dairy,Milk,1,3.39,3.39,72.7
TXN_000161,CUST_0231,Pantry,Rice,3,3.73,11.19,91.0
TXN_000161,CUST_0231,Meat,Chicken,1,10.68,10.68,99.6
TXN_000162,CUST_0288,Produce,Carrots,1,1.35,1.35,67.6
TXN_000162,CUST_0288,Produce,Tomatoes,4,2.58,10.32,99.9
TXN_000162,CUST_0288,Produce,Lettuce,2,1.59,3.18,77.4
TXN_000162,CUST_0288,Frozen,Frozen_Pizza,1,4.03,4.03,38.3
TXN_000162,CUST_0288,Produce,Apples,1,2.94,2.94,86.7
TXN_000162,CUST_0288,Frozen,Frozen_Vegetables,2,2.48,4.96,79.2
TXN_000163,CUST_0045,Snacks,Chips,1,4.42,4.42,60.1
TXN_000163,CUST_0045,Meat,Deli_Meat,1,6.19,6.19,40.5
TXN_000164,CUST_0178,Snacks,Candy,1,1.63,1.63,44.3
TXN_000164,CUST_0178,Snacks,Nuts,1,10.75,10.75,56.6
TXN_000164,CUST_0178,Snacks,Crackers,4,2.59,10.36,51.7
TXN_000165,CUST_0090,Pantry,Canned_Goods,5,2.42,12.1,100.0
TXN_000165,CUST_0090,Pantry,Pasta,1,2.16,2.16,100.0
TXN_000165,CUST_0090,Produce,Lettuce,2,1.61,3.22,99.3
TXN_000165,CUST_0090,Produce,Tomatoes,1,3.59,3.59,100.0
TXN_000165,CUST_0090,Pantry,Cereals,4,5.83,23.32,100.0
TXN_000165,CUST_0090,Dairy,Milk,5,4.51,22.55,100.0
TXN_000165,CUST_0090,Produce,Bananas,1,1.13,1.13,92.3
TXN_000165,CUST_0090,Dairy,Yogurt,2,2.0,4.0,99.6
TXN_000165,CUST_0090,Personal_Care,Deodorant,1,5.83,5.83,59.9
TXN_000166,CUST_0270,Beverages,Soda,1,2.04,2.04,57.5
TXN_000166,CUST_0270,Personal_Care,Soap,4,1.69,6.76,47.0
TXN_000167,CUST_0038,Produce,Lettuce,3,2.59,7.77,68.8
TXN_000167,CUST_0038,Household,Cleaning_Supplies,1,6.0,6.0,69.8
TXN_000167,CUST_0038,Household,Detergent,2,7.07,14.14,64.1
TXN_000167,CUST_0038,Pantry,Canned_Goods,1,1.8,1.8,44.2
TXN_000168,CUST_0066,Personal_Care,Shampoo,4,11.61,46.44,94.2
TXN_000168,CUST_0066,Bakery,Bread,2,2.71,5.42,92.5
TXN_000168,CUST_0066,Produce,Lettuce,2,2.04,4.08,69.3
TXN_000168,CUST_0066,Personal_Care,Soap,2,1.72,3.44,88.1
TXN_000168,CUST_0066,Personal_Care,Toothpaste,1,2.12,2.12,37.4
TXN_000168,CUST_0066,Dairy,Butter,1,3.94,3.94,76.7
TXN_000169,CUST_0083,Meat,Deli_Meat,2,5.75,11.5,83.5
TXN_000169,CUST_0083,Bakery,Bagels,2,4.03,8.06,100.0
TXN_000169,CUST_0083,Dairy,Cream,1,3.79,3.79,100.0
TXN_000169,CUST_0083,Meat,Pork,4,13.14,52.56,100.0
TXN_000169,CUST_0083,Beverages,Coffee,1,8.48,8.48,96.8
TXN_000169,CUST_0083,Bakery,Muffins,1,3.18,3.18,95.6
TXN_000169,CUST_0083,Produce,Bananas,3,0.94,2.82,90.8
TXN_000169,CUST_0083,Dairy,Yogurt,1,1.1,1.1,90.1
TXN_000169,CUST_0083,Meat,Chicken,1,10.68,10.68,90.7
TXN_000170,CUST_0173,Personal_Care,Toothpaste,1,4.08,4.08,60.4
TXN_000170,CUST_0173,Produce,Apples,1,2.81,2.81,89.5
TXN_000170,CUST_0173,Personal_Care,Deodorant,2,4.41,8.82,59.0
TXN_000170,CUST_0173,Personal_Care,Soap,1,3.3,3.3,54.3
TXN_000170,CUST_0173,Dairy,Cheese,1,5.67,5.67,74.6
TXN_000170,CUST_0173,Snacks,Crackers,5,2.68,13.4,95.3
TXN_000170,CUST_0173,Pantry,Rice,1,2.91,2.91,70.4
TXN_000171,CUST_0248,Bakery,Muffins,3,2.85,8.55,89.8
TXN_000171,CUST_0248,Snacks,Cookies,1,3.64,3.64,100.0
TXN_000171,CUST_0248,Frozen,Ice_Cream,1,5.48,5.48,94.6
TXN_000171,CUST_0248,Beverages,Coffee,4,10.65,42.6,100.0
TXN_000171,CUST_0248,Dairy,Cream,2,2.16,4.32,79.2
TXN_000171,CUST_0248,Beverages,Juice,2,4.13,8.26,100.0
TXN_000172,CUST_0175,Personal_Care,Deodorant,4,3.21,12.84,52.4
TXN_000172,CUST_0175,Meat,Deli_Meat,1,6.41,6.41,83.4
TXN_000172,CUST_0175,Pantry,Canned_Goods,3,1.21,3.63,66.0
TXN_000172,CUST_0175,Produce,Lettuce,2,2.26,4.52,87.9
TXN_000172,CUST_0175,Personal_Care,Shampoo,3,9.58,28.74,62.5
TXN_000173,CUST_0288,Produce,Bananas,1,1.44,1.44,100.0
TXN_000173,CUST_0288,Dairy,Yogurt,3,1.41,4.23,96.4
TXN_000173,CUST_0288,Produce,Carrots,3,1.2,3.6,53.6
TXN_000173,CUST_0288,Produce,Onions,5,2.28,11.4,100.0
TXN_000173,CUST_0288,Beverages,Water,2,1.73,3.46,68.1
TXN_000173,CUST_0288,Meat,Beef,1,11.81,11.81,95.7
TXN_000174,CUST_0168,Personal_Care,Toothpaste,3,4.2,12.6,51.6
TXN_000174,CUST_0168,Bakery,Pastries,3,3.03,9.09,43.4
TXN_000174,CUST_0168,Frozen,Frozen_Vegetables,2,3.94,7.88,55.9
TXN_000175,CUST_0264,Beverages,Tea,3,5.73,17.19,71.1
TXN_000175,CUST_0264,Beverages,Soda,4,1.58,6.32,100.0
TXN_000175,CUST_0264,Snacks,Chips,3,2.54,7.62,94.3
TXN_000175,CUST_0264,Bakery,Cakes,3,11.87,35.61,56.0
TXN_000175,CUST_0264,Beverages,Coffee,3,6.1,18.3,86.8
TXN_000175,CUST_0264,Bakery,Muffins,1,2.58,2.58,83.0
TXN_000176,CUST_0147,Frozen,Frozen_Pizza,1,6.5,6.5,61.5
TXN_000176,CUST_0147,Frozen,Ice_Cream,2,7.33,14.66,100.0
TXN_000176,CUST_0147,Pantry,Canned_Goods,2,1.58,3.16,89.1
TXN_000176,CUST_0147,Pantry,Cereals,1,4.06,4.06,42.8
TXN_000176,CUST_0147,Snacks,Cookies,2,3.92,7.84,96.9
TXN_000176,CUST_0147,Pantry,Pasta,1,2.68,2.68,75.7
TXN_000177,CUST_0186,Personal_Care,Shampoo,1,4.45,4.45,66.3
TXN_000177,CUST_0186,Personal_Care,Soap,1,3.83,3.83,100.0
TXN_000177,CUST_0186,Meat,Beef,2,9.99,19.98,100.0
TXN_000177,CUST_0186,Household,Cleaning_Supplies,1,8.26,8.26,72.6
TXN_000177,CUST_0186,Produce,Carrots,1,1.43,1.43,60.8
TXN_000177,CUST_0186,Produce,Onions,5,1.1,5.5,84.4
TXN_000178,CUST_0202,Pantry,Canned_Goods,1,1.81,1.81,95.6
TXN_000178,CUST_0202,Pantry,Rice,2,4.11,8.22,88.2
TXN_000178,CUST_0202,Meat,Chicken,1,6.85,6.85,92.6
TXN_000178,CUST_0202,Bakery,Pastries,1,4.45,4.45,62.6
TXN_000178,CUST_0202,Beverages,Tea,2,7.84,15.68,75.0
TXN_000178,CUST_0202,Pantry,Pasta,2,1.62,3.24,88.6
TXN_000178,CUST_0202,Personal_Care,Toothpaste,2,3.87,7.74,65.8
TXN_000178,CUST_0202,Pantry,Cereals,2,3.8,7.6,100.0
TXN_000178,CUST_0202,Dairy,Milk,2,4.22,8.44,93.8
TXN_000179,CUST_0084,Pantry,Spices,1,5.59,5.59,63.3
TXN_000179,CUST_0084,Meat,Fish,2,16.11,32.22,90.2
TXN_000179,CUST_0084,Frozen,Frozen_Vegetables,2,2.82,5.64,78.4
TXN_000179,CUST_0084,Meat,Deli_Meat,1,5.8,5.8,53.0
TXN_000180,CUST_0244,Dairy,Cheese,1,7.36,7.36,100.0
TXN_000180,CUST_0244,Snacks,Crackers,5,2.31,11.55,81.8
TXN_000180,CUST_0244,Personal_Care,Deodorant,1,5.17,5.17,100.0
TXN_000180,CUST_0244,Snacks,Nuts,4,7.47,29.88,94.0
TXN_000180,CUST_0244,Household,Paper_Towels,1,11.04,11.04,100.0
TXN_000180,CUST_0244,Unknown,Beer,2,3.18,6.36,100.0
TXN_000180,CUST_0244,Household,Detergent,2,6.82,13.64,95.4
TXN_000180,CUST_0244,Household,Cleaning_Supplies,2,3.1,6.2,91.1
TXN_000180,CUST_0244,Household,Toilet_Paper,1,12.14,12.14,87.7
TXN_000181,CUST_0017,Personal_Care,Toothpaste,1,4.2,4.2,38.3
TXN_000181,CUST_0017,Produce,Carrots,2,1.67,3.34,56.3
TXN_000182,CUST_0098,Dairy,Cheese,4,6.18,24.72,100.0
TXN_000182,CUST_0098,Snacks,Crackers,1,3.85,3.85,87.0
TXN_000182,CUST_0098,Dairy,Cream,2,2.14,4.28,95.1
TXN_000182,CUST_0098,Bakery,Bagels,1,4.84,4.84,100.0
TXN_000182,CUST_0098,Produce,Apples,1,2.05,2.05,73.9
TXN_000182,CUST_0098,Personal_Care,Soap,3,3.0,9.0,87.2
TXN_000182,CUST_0098,Personal_Care,Shampoo,2,5.99,11.98,99.6
TXN_000183,CUST_0245,Frozen,Frozen_Meals,1,4.77,4.77,59.3
TXN_000183,CUST_0245,Beverages,Tea,1,7.12,7.12,71.5
TXN_000183,CUST_0245,Pantry,Rice,1,3.33,3.33,89.5
TXN_000183,CUST_0245,Meat,Chicken,1,11.49,11.49,100.0
TXN_000183,CUST_0245,Bakery,Pastries,1,5.29,5.29,69.0
TXN_000183,CUST_0245,Meat,Fish,1,9.07,9.07,46.9
TXN_000184,CUST_0286,Meat,Fish,1,9.41,9.41,66.3
TXN_000184,CUST_0286,Frozen,Frozen_Vegetables,3,3.37,10.11,81.7
TXN_000184,CUST_0286,Snacks,Crackers,1,2.87,2.87,36.3
TXN_000185,CUST_0107,Snacks,Cookies,2,3.75,7.5,96.4
TXN_000185,CUST_0107,Meat,Deli_Meat,1,7.31,7.31,64.7
TXN_000185,CUST_0107,Beverages,Juice,4,4.86,19.44,100.0
TXN_000185,CUST_0107,Frozen,Ice_Cream,1,5.42,5.42,85.7
TXN_000185,CUST_0107,Beverages,Soda,3,1.65,4.95,64.1
TXN_000186,CUST_0177,Produce,Tomatoes,2,3.01,6.02,80.9
TXN_000186,CUST_0177,Produce,Lettuce,2,2.76,5.52,90.5
TXN_000186,CUST_0177,Produce,Apples,3,2.62,7.86,70.5
TXN_000186,CUST_0177,Produce,Carrots,1,1.67,1.67,36.0
TXN_000187,CUST_0246,Bakery,Cakes,2,9.61,19.22,63.9
TXN_000187,CUST_0246,Bakery,Bagels,1,3.17,3.17,84.0
TXN_000187,CUST_0246,Dairy,Cream,1,2.33,2.33,72.8
TXN_000188,CUST_0125,Dairy,Butter,1,4.06,4.06,88.4
TXN_000188,CUST_0125,Frozen,Frozen_Pizza,2,6.43,12.86,62.0
TXN_000188,CUST_0125,Bakery,Bread,1,3.92,3.92,95.5
TXN_000188,CUST_0125,Dairy,Cream,2,3.11,6.22,60.3
TXN_000189,CUST_0052,Snacks,Chips,2,4.11,8.22,83.0
TXN_000189,CUST_0052,Dairy,Milk,1,4.0,4.0,73.1
TXN_000189,CUST_0052,Bakery,Bread,2,3.07,6.14,100.0
TXN_000189,CUST_0052,Dairy,Butter,1,5.01,5.01,87.3
TXN_000189,CUST_0052,Beverages,Soda,1,2.54,2.54,83.7
TXN_000190,CUST_0148,Meat,Deli_Meat,1,7.58,7.58,60.3
TXN_000190,CUST_0148,Meat,Chicken,1,5.13,5.13,23.4
TXN_000190,CUST_0148,Bakery,Bagels,3,3.14,9.42,65.0
TXN_000191,CUST_0274,Snacks,Crackers,2,2.76,5.52,79.1
TXN_000191,CUST_0274,Dairy,Yogurt,1,2.09,2.09,75.0
TXN_000191,CUST_0274,Bakery,Pastries,3,5.53,16.59,100.0
TXN_000191,CUST_0274,Dairy,Cheese,1,5.33,5.33,88.1
TXN_000191,CUST_0274,Dairy,Cream,1,3.71,3.71,91.4
TXN_000192,CUST_0204,Frozen,Ice_Cream,1,4.3,4.3,89.9
TXN_000192,CUST_0204,Snacks,Cookies,4,3.21,12.84,100.0
TXN_000192,CUST_0204,Dairy,Milk,1,4.75,4.75,86.8
TXN_000192,CUST_0204,Beverages,Juice,4,2.2,8.8,74.0
TXN_000192,CUST_0204,Pantry,Pasta,2,1.61,3.22,97.6
TXN_000192,CUST_0204,Pantry,Canned_Goods,1,2.99,2.99,100.0
TXN_000192,CUST_0204,Produce,Tomatoes,2,2.64,5.28,77.9
TXN_000193,CUST_0259,Beverages,Tea,1,4.85,4.85,35.5
TXN_000193,CUST_0259,Pantry,Rice,1,4.17,4.17,90.3
TXN_000193,CUST_0259,Meat,Chicken,1,6.52,6.52,87.7
TXN_000193,CUST_0259,Bakery,Bread,2,2.97,5.94,55.1
TXN_000194,CUST_0008,Snacks,Crackers,3,3.75,11.25,91.1
TXN_000194,CUST_0008,Dairy,Cheese,3,7.01,21.03,79.7
TXN_000195,CUST_0291,Snacks,Chips,2,3.86,7.72,64.3
TXN_000195,CUST_0291,Bakery,Bread,2,2.34,4.68,44.2
TXN_000195,CUST_0291,Household,Toilet_Paper,2,19.08,38.16,67.1
TXN_000196,CUST_0208,Beverages,Juice,2,3.96,7.92,99.5
TXN_000196,CUST_0208,Snacks,Cookies,2,3.05,6.1,100.0
TXN_000196,CUST_0208,Frozen,Ice_Cream,1,6.87,6.87,83.2
TXN_000196,CUST_0208,Beverages,Tea,1,4.21,4.21,59.8
TXN_000196,CUST_0208,Dairy,Milk,1,3.85,3.85,90.1
TXN_000196,CUST_0208,Pantry,Cereals,1,3.23,3.23,77.2
TXN_000197,CUST_0229,Meat,Beef,1,16.22,16.22,100.0
TXN_000197,CUST_0229,Meat,Deli_Meat,1,6.77,6.77,79.8
TXN_000197,CUST_0229,Produce,Onions,1,2.41,2.41,98.6
TXN_000197,CUST_0229,Meat,Chicken,1,6.34,6.34,93.8
TXN_000197,CUST_0229,Pantry,Rice,2,2.66,5.32,90.8
TXN_000197,CUST_0229,Meat,Fish,2,17.59,35.18,100.0
TXN_000198,CUST_0061,Household,Paper_Towels,3,9.31,27.93,81.1
TXN_000198,CUST_0061,Meat,Pork,1,9.46,9.46,50.7
TXN_000198,CUST_0061,Household,Toilet_Paper,1,12.6,12.6,82.8
TXN_000198,CUST_0061,Household,Detergent,1,12.0,12.0,67.5
TXN_000198,CUST_0061,Household,Cleaning_Supplies,1,9.29,9.29,92.4
TXN_000198,CUST_0061,Frozen,Ice_Cream,4,7.98,31.92,87.9
TXN_000199,CUST_0276,Household,Cleaning_Supplies,3,4.74,14.22,83.3
TXN_000199,CUST_0276,Bakery,Muffins,1,4.0,4.0,100.0
TXN_000199,CUST_0276,Household,Detergent,1,12.73,12.73,82.9
TXN_000199,CUST_0276,Produce,Apples,5,1.86,9.3,72.5
TXN_000199,CUST_0276,Beverages,Coffee,1,7.88,7.88,100.0
TXN_000199,CUST_0276,Dairy,Cream,2,2.63,5.26,98.2
TXN_000199,CUST_0276,Bakery,Bagels,2,3.46,6.92,100.0
TXN_000200,CUST_0294,Frozen,Frozen_Pizza,3,6.48,19.44,59.0
TXN_000200,CUST_0294,Frozen,Frozen_Meals,2,5.5,11.0,55.0
TXN_000201,CUST_0227,Produce,Carrots,5,1.76,8.8,78.4
TXN_000201,CUST_0227,Snacks,Nuts,1,9.66,9.66,79.2
TXN_000201,CUST_0227,Unknown,Beer,2,9.35,18.7,98.6
TXN_000201,CUST_0227,Beverages,Tea,4,4.71,18.84,65.2
TXN_000201,CUST_0227,Frozen,Ice_Cream,5,7.92,39.6,86.1
TXN_000202,CUST_0068,Frozen,Frozen_Vegetables,3,3.43,10.29,84.3
TXN_000202,CUST_0068,Meat,Fish,1,15.77,15.77,81.0
TXN_000202,CUST_0068,Frozen,Frozen_Meals,2,4.49,8.98,78.7
TXN_000202,CUST_0068,Beverages,Soda,2,2.47,4.94,98.0
TXN_000202,CUST_0068,Snacks,Chips,1,2.47,2.47,89.8
TXN_000203,CUST_0112,Personal_Care,Soap,2,2.37,4.74,91.5
TXN_000203,CUST_0112,Personal_Care,Shampoo,2,10.7,21.4,97.2
TXN_000203,CUST_0112,Personal_Care,Toothpaste,2,4.51,9.02,78.6
TXN_000204,CUST_0036,Beverages,Water,4,1.54,6.16,56.8
TXN_000204,CUST_0036,Beverages,Juice,1,3.72,3.72,62.6
TXN_000204,CUST_0036,Snacks,Chips,1,4.76,4.76,100.0
TXN_000204,CUST_0036,Pantry,Canned_Goods,1,1.1,1.1,82.6
TXN_000204,CUST_0036,Pantry,Spices,1,4.54,4.54,56.6
TXN_000204,CUST_0036,Pantry,Pasta,3,2.82,8.46,97.9
TXN_000204,CUST_0036,Beverages,Soda,2,1.82,3.64,100.0
TXN_000205,CUST_0277,Produce,Lettuce,3,3.0,9.0,100.0
TXN_000205,CUST_0277,Pantry,Canned_Goods,1,2.79,2.79,100.0
TXN_000205,CUST_0277,Pantry,Pasta,1,2.77,2.77,100.0
TXN_000205,CUST_0277,Produce,Tomatoes,1,2.67,2.67,87.7
TXN_000206,CUST_0002,Dairy,Cheese,1,5.54,5.54,87.5
TXN_000206,CUST_0002,Beverages,Water,1,1.21,1.21,68.6
TXN_000206,CUST_0002,Personal_Care,Toothpaste,1,2.3,2.3,37.6
TXN_000206,CUST_0002,Snacks,Crackers,1,2.44,2.44,84.5
TXN_000206,CUST_0002,Meat,Chicken,1,10.59,10.59,100.0
TXN_000206,CUST_0002,Pantry,Rice,1,2.9,2.9,96.1
TXN_000206,CUST_0002,Produce,Lettuce,1,2.03,2.03,97.2
TXN_000206,CUST_0002,Produce,Tomatoes,2,2.13,4.26,100.0
TXN_000207,CUST_0009,Bakery,Muffins,1,3.73,3.73,90.5
TXN_000207,CUST_0009,Beverages,Coffee,1,5.58,5.58,59.7
TXN_000207,CUST_0009,Dairy,Cream,2,3.61,7.22,100.0
TXN_000208,CUST_0025,Bakery,Muffins,2,3.01,6.02,55.8
TXN_000208,CUST_0025,Beverages,Soda,1,2.23,2.23,72.0
TXN_000208,CUST_0025,Snacks,Chips,1,3.38,3.38,87.3
TXN_000209,CUST_0112,Dairy,Butter,1,4.65,4.65,75.6
TXN_000209,CUST_0112,Bakery,Bread,2,3.15,6.3,97.0
TXN_000210,CUST_0120,Snacks,Nuts,1,8.3,8.3,95.5
TXN_000210,CUST_0120,Unknown,Beer,3,9.91,29.73,100.0
TXN_000210,CUST_0120,Household,Cleaning_Supplies,1,6.43,6.43,86.8
TXN_000210,CUST_0120,Household,Detergent,2,10.43,20.86,98.0
TXN_000210,CUST_0120,Snacks,Cookies,1,5.51,5.51,100.0
TXN_000210,CUST_0120,Beverages,Juice,1,2.98,2.98,100.0
TXN_000210,CUST_0120,Frozen,Ice_Cream,1,4.79,4.79,67.8
TXN_000211,CUST_0177,Household,Toilet_Paper,1,15.68,15.68,97.2
TXN_000211,CUST_0177,Frozen,Frozen_Meals,2,3.92,7.84,89.5
TXN_000211,CUST_0177,Household,Paper_Towels,2,10.61,21.22,100.0
TXN_000211,CUST_0177,Household,Detergent,2,7.67,15.34,100.0
TXN_000211,CUST_0177,Beverages,Water,1,1.22,1.22,63.5
TXN_000211,CUST_0177,Household,Cleaning_Supplies,1,9.49,9.49,100.0
TXN_000211,CUST_0177,Beverages,Tea,4,5.86,23.44,69.2
TXN_000211,CUST_0177,Personal_Care,Deodorant,3,4.84,14.52,100.0
TXN_000211,CUST_0177,Personal_Care,Toothpaste,1,3.67,3.67,100.0
TXN_000212,CUST_0069,Pantry,Cereals,2,3.66,7.32,81.7
TXN_000212,CUST_0069,Dairy,Milk,1,4.75,4.75,78.3
TXN_000212,CUST_0069,Pantry,Spices,1,7.22,7.22,52.9
TXN_000213,CUST_0190,Produce,Apples,2,2.63,5.26,61.9
TXN_000213,CUST_0190,Dairy,Butter,1,3.73,3.73,75.5
TXN_000213,CUST_0190,Bakery,Bread,1,3.84,3.84,99.8
TXN_000213,CUST_0190,Bakery,Muffins,4,2.94,11.76,71.1
TXN_000213,CUST_0190,Household,Toilet_Paper,1,17.61,17.61,54.6
TXN_000213,CUST_0190,Household,Detergent,1,11.37,11.37,45.3
TXN_000214,CUST_0112,Beverages,Water,3,1.4,4.2,75.9
TXN_000214,CUST_0112,Meat,Fish,1,9.66,9.66,98.1
TXN_000214,CUST_0112,Dairy,Milk,1,4.02,4.02,76.1
TXN_000214,CUST_0112,Frozen,Frozen_Vegetables,2,3.0,6.0,100.0
TXN_000214,CUST_0112,Produce,Lettuce,1,1.55,1.55,43.3
TXN_000214,CUST_0112,Personal_Care,Shampoo,3,5.29,15.87,82.8
TXN_000214,CUST_0112,Snacks,Cookies,1,4.07,4.07,95.4
TXN_000214,CUST_0112,Beverages,Coffee,2,6.97,13.94,80.6
TXN_000214,CUST_0112,Household,Cleaning_Supplies,1,5.66,5.66,66.4
TXN_000214,CUST_0112,Beverages,Juice,3,2.38,7.14,100.0
TXN_000215,CUST_0195,Beverages,Tea,1,6.39,6.39,60.9
TXN_000215,CUST_0195,Beverages,Coffee,1,5.46,5.46,85.9
TXN_000215,CUST_0195,Bakery,Muffins,1,3.65,3.65,100.0
TXN_000215,CUST_0195,Dairy,Cream,1,2.69,2.69,91.1
TXN_000215,CUST_0195,Pantry,Pasta,1,2.94,2.94,74.0
TXN_000215,CUST_0195,Beverages,Soda,1,2.42,2.42,56.6
TXN_000216,CUST_0161,Beverages,Soda,1,2.77,2.77,100.0
TXN_000216,CUST_0161,Snacks,Chips,1,4.89,4.89,100.0
TXN_000216,CUST_0161,Dairy,Cheese,1,6.86,6.86,87.0
TXN_000216,CUST_0161,Snacks,Crackers,5,2.94,14.7,100.0
TXN_000216,CUST_0161,Beverages,Coffee,1,5.55,5.55,71.9
TXN_000216,CUST_0161,Dairy,Cream,1,3.67,3.67,91.9
TXN_000217,CUST_0256,Personal_Care,Shampoo,1,6.98,6.98,76.2
TXN_000217,CUST_0256,Snacks,Cookies,4,4.06,16.24,100.0
TXN_000217,CUST_0256,Frozen,Ice_Cream,2,4.99,9.98,100.0
TXN_000217,CUST_0256,Snacks,Chips,3,4.26,12.78,100.0
TXN_000217,CUST_0256,Beverages,Tea,2,7.52,15.04,100.0
TXN_000217,CUST_0256,Beverages,Soda,1,1.51,1.51,95.6
TXN_000217,CUST_0256,Beverages,Juice,1,3.99,3.99,86.3
TXN_000217,CUST_0256,Personal_Care,Soap,3,3.69,11.07,96.6
TXN_000218,CUST_0269,Dairy,Yogurt,1,2.04,2.04,93.4
TXN_000218,CUST_0269,Produce,Apples,1,2.01,2.01,55.1
TXN_000218,CUST_0269,Snacks,Cookies,1,5.41,5.41,100.0
TXN_000218,CUST_0269,Produce,Bananas,2,1.0,2.0,88.4
TXN_000218,CUST_0269,Frozen,Ice_Cream,1,5.2,5.2,89.1
TXN_000218,CUST_0269,Beverages,Juice,1,2.35,2.35,100.0
TXN_000218,CUST_0269,Dairy,Butter,2,5.76,11.52,100.0
TXN_000218,CUST_0269,Bakery,Bread,2,3.86,7.72,100.0
TXN_000219,CUST_0250,Dairy,Cheese,2,6.63,13.26,96.3
TXN_000219,CUST_0250,Snacks,Crackers,1,2.03,2.03,76.9
TXN_000219,CUST_0250,Dairy,Butter,3,5.5,16.5,100.0
TXN_000219,CUST_0250,Bakery,Bread,1,2.24,2.24,77.7
TXN_000219,CUST_0250,Snacks,Nuts,5,5.72,28.6,96.2
TXN_000219,CUST_0250,Unknown,Beer,2,1.29,2.58,72.6
TXN_000219,CUST_0250,Dairy,Milk,2,4.06,8.12,59.0
TXN_000220,CUST_0124,Bakery,Pastries,3,5.95,17.85,88.7
TXN_000220,CUST_0124,Meat,Beef,1,17.7,17.7,99.7
TXN_000220,CUST_0124,Meat,Fish,1,7.69,7.69,83.1
TXN_000220,CUST_0124,Produce,Apples,2,2.19,4.38,100.0
TXN_000220,CUST_0124,Frozen,Frozen_Vegetables,1,3.16,3.16,74.3
TXN_000220,CUST_0124,Produce,Onions,1,2.24,2.24,100.0
TXN_000220,CUST_0124,Meat,Pork,1,8.9,8.9,100.0
TXN_000220,CUST_0124,Produce,Bananas,3,1.03,3.09,86.8
TXN_000221,CUST_0017,Produce,Apples,1,2.07,2.07,32.3
TXN_000221,CUST_0017,Produce,Tomatoes,3,3.65,10.95,97.7
TXN_000221,CUST_0017,Produce,Lettuce,1,2.9,2.9,77.1
TXN_000221,CUST_0017,Produce,Bananas,1,1.45,1.45,97.7
TXN_000221,CUST_0017,Dairy,Yogurt,1,1.71,1.71,95.7
TXN_000221,CUST_0017,Beverages,Soda,1,1.74,1.74,81.3
TXN_000221,CUST_0017,Snacks,Chips,2,4.14,8.28,98.4
TXN_000222,CUST_0271,Dairy,Yogurt,1,1.17,1.17,64.9
TXN_000222,CUST_0271,Produce,Bananas,2,0.85,1.7,69.3
TXN_000223,CUST_0139,Dairy,Yogurt,2,1.6,3.2,81.2
TXN_000223,CUST_0139,Snacks,Cookies,2,3.81,7.62,56.4
TXN_000223,CUST_0139,Personal_Care,Shampoo,1,4.85,4.85,26.4
TXN_000223,CUST_0139,Produce,Bananas,2,1.26,2.52,63.7
TXN_000224,CUST_0092,Meat,Deli_Meat,1,4.73,4.73,37.5
TXN_000224,CUST_0092,Meat,Beef,1,12.19,12.19,42.3
TXN_000225,CUST_0204,Dairy,Cream,3,3.11,9.33,89.1
TXN_000225,CUST_0204,Beverages,Coffee,2,11.71,23.42,95.4
TXN_000225,CUST_0204,Bakery,Muffins,1,3.77,3.77,100.0
TXN_000226,CUST_0277,Pantry,Rice,3,3.59,10.77,100.0
TXN_000226,CUST_0277,Meat,Chicken,2,8.0,16.0,94.2
TXN_000226,CUST_0277,Snacks,Nuts,1,10.66,10.66,64.4
TXN_000226,CUST_0277,Frozen,Frozen_Pizza,2,7.38,14.76,52.3
TXN_000227,CUST_0178,Dairy,Butter,1,5.61,5.61,100.0
TXN_000227,CUST_0178,Bakery,Bread,1,3.03,3.03,100.0
TXN_000227,CUST_0178,Pantry,Canned_Goods,1,1.08,1.08,60.9
TXN_000227,CUST_0178,Household,Cleaning_Supplies,1,3.04,3.04,62.1
TXN_000227,CUST_0178,Beverages,Coffee,1,9.7,9.7,79.5
TXN_000227,CUST_0178,Pantry,Pasta,3,2.92,8.76,100.0
TXN_000227,CUST_0178,Dairy,Cream,1,3.98,3.98,100.0
TXN_000227,CUST_0178,Frozen,Frozen_Pizza,1,6.41,6.41,90.3
TXN_000228,CUST_0252,Bakery,Bagels,4,3.36,13.44,90.7
TXN_000228,CUST_0252,Dairy,Cream,2,2.45,4.9,96.6
TXN_000228,CUST_0252,Beverages,Coffee,1,6.12,6.12,45.0
TXN_000229,CUST_0044,Household,Detergent,1,12.82,12.82,63.3
TXN_000229,CUST_0044,Household,Cleaning_Supplies,1,7.63,7.63,68.2
TXN_000229,CUST_0044,Produce,Apples,2,1.74,3.48,40.0
TXN_000230,CUST_0138,Produce,Tomatoes,4,2.84,11.36,100.0
TXN_000230,CUST_0138,Produce,Lettuce,1,1.56,1.56,69.7
TXN_000230,CUST_0138,Pantry,Pasta,1,2.37,2.37,100.0
TXN_000230,CUST_0138,Pantry,Canned_Goods,1,2.57,2.57,94.3
TXN_000230,CUST_0138,Produce,Carrots,2,1.4,2.8,82.7
TXN_000230,CUST_0138,Produce,Bananas,5,1.18,5.9,100.0
TXN_000230,CUST_0138,Dairy,Yogurt,1,2.36,2.36,86.8
TXN_000231,CUST_0221,Beverages,Coffee,2,5.35,10.7,92.7
TXN_000231,CUST_0221,Bakery,Muffins,3,2.45,7.35,86.8
TXN_000231,CUST_0221,Dairy,Cream,1,3.63,3.63,84.1
TXN_000231,CUST_0221,Bakery,Bagels,3,3.17,9.51,74.1
TXN_000232,CUST_0167,Pantry,Cereals,3,3.15,9.45,45.7
TXN_000232,CUST_0167,Dairy,Milk,1,3.79,3.79,67.0
TXN_000232,CUST_0167,Pantry,Pasta,2,1.74,3.48,53.6
TXN_000233,CUST_0293,Frozen,Frozen_Meals,1,3.6,3.6,47.5
TXN_000233,CUST_0293,Frozen,Ice_Cream,1,5.44,5.44,93.6
TXN_000233,CUST_0293,Snacks,Cookies,1,2.62,2.62,78.1
TXN_000233,CUST_0293,Beverages,Juice,1,4.09,4.09,94.2
TXN_000233,CUST_0293,Frozen,Frozen_Pizza,1,7.54,7.54,60.9
TXN_000233,CUST_0293,Frozen,Frozen_Vegetables,3,2.59,7.77,60.2
TXN_000234,CUST_0127,Snacks,Nuts,2,10.61,21.22,66.6
TXN_000234,CUST_0127,Personal_Care,Deodorant,2,7.12,14.24,59.2
TXN_000234,CUST_0127,Beverages,Tea,2,4.8,9.6,60.4
TXN_000235,CUST_0055,Produce,Lettuce,1,1.62,1.62,84.8
TXN_000235,CUST_0055,Produce,Tomatoes,2,3.73,7.46,100.0
TXN_000235,CUST_0055,Produce,Carrots,1,1.47,1.47,54.5
TXN_000235,CUST_0055,Produce,Onions,1,1.5,1.5,100.0
TXN_000235,CUST_0055,Bakery,Pastries,2,5.55,11.1,85.4
TXN_000235,CUST_0055,Meat,Beef,2,15.8,31.6,100.0
TXN_000236,CUST_0246,Meat,Deli_Meat,3,4.16,12.48,36.4
TXN_000236,CUST_0246,Meat,Pork,3,8.02,24.06,48.6
TXN_000237,CUST_0150,Snacks,Crackers,1,2.38,2.38,61.4
TXN_000237,CUST_0150,Frozen,Ice_Cream,2,6.38,12.76,95.2
TXN_000237,CUST_0150,Bakery,Muffins,2,3.37,6.74,49.2
TXN_000237,CUST_0150,Snacks,Cookies,1,5.19,5.19,100.0
TXN_000237,CUST_0150,Beverages,Soda,1,2.54,2.54,99.9
TXN_000237,CUST_0150,Snacks,Chips,2,2.66,5.32,92.5
TXN_000237,CUST_0150,Beverages,Juice,1,2.39,2.39,93.6
TXN_000238,CUST_0093,Snacks,Chips,2,3.02,6.04,55.6
TXN_000238,CUST_0093,Dairy,Cheese,1,7.72,7.72,56.7
TXN_000239,CUST_0237,Snacks,Candy,1,1.78,1.78,28.8
TXN_000239,CUST_0237,Snacks,Cookies,1,4.71,4.71,56.5
TXN_000240,CUST_0036,Beverages,Soda,1,2.5,2.5,27.3
TXN_000240,CUST_0036,Produce,Lettuce,4,1.58,6.32,58.5
TXN_000240,CUST_0036,Meat,Chicken,2,8.5,17.0,70.5
TXN_000241,CUST_0130,Household,Cleaning_Supplies,1,7.21,7.21,75.0
TXN_000241,CUST_0130,Household,Detergent,1,7.29,7.29,58.1
TXN_000242,CUST_0194,Dairy,Cream,1,3.05,3.05,99.8
TXN_000242,CUST_0194,Bakery,Bagels,3,4.35,13.05,100.0
TXN_000242,CUST_0194,Beverages,Coffee,2,11.62,23.24,100.0
TXN_000242,CUST_0194,Bakery,Muffins,2,3.27,6.54,92.3
TXN_000242,CUST_0194,Personal_Care,Deodorant,2,3.08,6.16,45.8
TXN_000242,CUST_0194,Produce,Carrots,2,1.56,3.12,72.4
TXN_000243,CUST_0128,Household,Cleaning_Supplies,1,3.66,3.66,28.9
TXN_000243,CUST_0128,Produce,Onions,1,2.09,2.09,47.3
TXN_000243,CUST_0128,Dairy,Yogurt,3,1.18,3.54,58.6
TXN_000243,CUST_0128,Produce,Bananas,1,1.18,1.18,63.9
TXN_000244,CUST_0205,Pantry,Rice,4,3.7,14.8,95.1
TXN_000244,CUST_0205,Beverages,Coffee,2,7.66,15.32,100.0
TXN_000244,CUST_0205,Meat,Chicken,2,7.72,15.44,100.0
TXN_000244,CUST_0205,Dairy,Cream,1,2.19,2.19,83.3
TXN_000244,CUST_0205,Bakery,Bagels,1,4.97,4.97,100.0
TXN_000244,CUST_0205,Bakery,Muffins,3,3.99,11.97,94.1
TXN_000244,CUST_0205,Pantry,Pasta,2,2.72,5.44,78.3
TXN_000245,CUST_0152,Beverages,Soda,2,2.52,5.04,79.4
TXN_000245,CUST_0152,Produce,Apples,1,1.7,1.7,27.7
TXN_000245,CUST_0152,Snacks,Chips,2,4.08,8.16,95.6
TXN_000245,CUST_0152,Beverages,Coffee,2,10.27,20.54,63.0
TXN_000246,CUST_0267,Beverages,Water,2,1.19,2.38,71.7
TXN_000246,CUST_0267,Beverages,Tea,1,4.42,4.42,81.7
TXN_000246,CUST_0267,Beverages,Coffee,3,6.37,19.11,80.9
TXN_000246,CUST_0267,Bakery,Muffins,1,3.93,3.93,94.6
TXN_000246,CUST_0267,Snacks,Crackers,2,3.62,7.24,85.1
TXN_000246,CUST_0267,Meat,Chicken,1,5.4,5.4,46.6
TXN_000247,CUST_0265,Bakery,Bread,1,3.28,3.28,82.8
TXN_000247,CUST_0265,Dairy,Butter,3,3.6,10.8,100.0
TXN_000247,CUST_0265,Meat,Chicken,1,7.15,7.15,54.8
TXN_000247,CUST_0265,Snacks,Chips,2,4.69,9.38,100.0
TXN_000247,CUST_0265,Beverages,Soda,2,2.05,4.1,100.0
TXN_000248,CUST_0222,Pantry,Spices,1,3.14,3.14,49.0
TXN_000248,CUST_0222,Pantry,Pasta,1,2.87,2.87,100.0
TXN_000248,CUST_0222,Pantry,Canned_Goods,1,1.63,1.63,71.8
TXN_000248,CUST_0222,Bakery,Cakes,2,10.77,21.54,82.8
TXN_000248,CUST_0222,Dairy,Cream,3,2.91,8.73,79.4
TXN_000249,CUST_0296,Produce,Bananas,1,1.21,1.21,68.9
TXN_000249,CUST_0296,Personal_Care,Shampoo,4,7.02,28.08,80.5
TXN_000249,CUST_0296,Personal_Care,Soap,2,1.49,2.98,64.0
TXN_000249,CUST_0296,Dairy,Yogurt,2,2.5,5.0,76.5
TXN_000250,CUST_0135,Household,Cleaning_Supplies,1,9.18,9.18,79.5
TXN_000250,CUST_0135,Frozen,Frozen_Meals,1,4.55,4.55,39.3
TXN_000250,CUST_0135,Meat,Deli_Meat,2,4.25,8.5,58.6
TXN_000250,CUST_0135,Household,Detergent,3,14.46,43.38,97.2
TXN_000251,CUST_0059,Pantry,Pasta,1,2.4,2.4,71.0
TXN_000251,CUST_0059,Pantry,Canned_Goods,2,1.8,3.6,71.3
TXN_000251,CUST_0059,Snacks,Candy,1,1.49,1.49,32.1
TXN_000252,CUST_0153,Household,Detergent,1,6.53,6.53,87.3
TXN_000252,CUST_0153,Household,Cleaning_Supplies,3,7.04,21.12,98.5
TXN_000252,CUST_0153,Household,Paper_Towels,1,13.62,13.62,88.5
TXN_000252,CUST_0153,Household,Toilet_Paper,2,19.08,38.16,100.0
TXN_000252,CUST_0153,Produce,Lettuce,1,1.94,1.94,79.4
TXN_000252,CUST_0153,Produce,Tomatoes,1,3.19,3.19,79.4
TXN_000253,CUST_0096,Frozen,Ice_Cream,4,7.02,28.08,66.6
TXN_000253,CUST_0096,Snacks,Candy,1,2.43,2.43,47.5
TXN_000254,CUST_0089,Personal_Care,Shampoo,3,10.27,30.81,90.6
TXN_000254,CUST_0089,Personal_Care,Soap,1,3.63,3.63,94.2
TXN_000254,CUST_0089,Personal_Care,Deodorant,5,3.89,19.45,63.5
TXN_000254,CUST_0089,Pantry,Pasta,2,2.9,5.8,57.7
TXN_000254,CUST_0089,Frozen,Frozen_Vegetables,2,2.96,5.92,57.6
TXN_000255,CUST_0070,Bakery,Pastries,2,4.14,8.28,49.8
TXN_000255,CUST_0070,Personal_Care,Toothpaste,1,3.8,3.8,43.1
TXN_000255,CUST_0070,Bakery,Muffins,1,2.89,2.89,76.5
TXN_000255,CUST_0070,Beverages,Coffee,1,10.74,10.74,87.6
TXN_000256,CUST_0251,Produce,Onions,3,1.83,5.49,98.7
TXN_000256,CUST_0251,Meat,Beef,3,14.31,42.93,92.7
TXN_000256,CUST_0251,Bakery,Muffins,1,3.92,3.92,95.8
TXN_000256,CUST_0251,Beverages,Coffee,2,9.24,18.48,82.6
TXN_000257,CUST_0116,Frozen,Frozen_Pizza,1,4.24,4.24,34.8
TXN_000257,CUST_0116,Personal_Care,Soap,2,3.29,6.58,75.6
TXN_000257,CUST_0116,Frozen,Ice_Cream,2,4.32,8.64,79.1
TXN_000257,CUST_0116,Personal_Care,Shampoo,1,5.31,5.31,65.9
TXN_000257,CUST_0116,Snacks,Cookies,1,2.68,2.68,65.6
TXN_000258,CUST_0279,Pantry,Canned_Goods,2,1.97,3.94,96.7
TXN_000258,CUST_0279,Pantry,Pasta,1,2.26,2.26,77.0
TXN_000258,CUST_0279,Beverages,Water,1,1.07,1.07,48.6
TXN_000258,CUST_0279,Produce,Bananas,3,1.19,3.57,89.2
TXN_000259,CUST_0127,Meat,Fish,1,8.27,8.27,100.0
TXN_000259,CUST_0127,Dairy,Yogurt,1,2.42,2.42,100.0
TXN_000259,CUST_0127,Produce,Bananas,3,1.01,3.03,95.9
TXN_000259,CUST_0127,Produce,Carrots,1,1.99,1.99,96.0
TXN_000259,CUST_0127,Frozen,Frozen_Vegetables,2,3.9,7.8,100.0
TXN_000259,CUST_0127,Meat,Pork,2,6.61,13.22,69.9
TXN_000259,CUST_0127,Beverages,Juice,1,4.01,4.01,61.1
TXN_000259,CUST_0127,Snacks,Nuts,1,7.32,7.32,84.2
TXN_000259,CUST_0127,Bakery,Cakes,1,10.35,10.35,70.9
TXN_000260,CUST_0072,Bakery,Cakes,1,10.75,10.75,69.1
TXN_000260,CUST_0072,Dairy,Butter,1,3.74,3.74,89.0
TXN_000260,CUST_0072,Bakery,Bread,2,3.09,6.18,93.7
TXN_000260,CUST_0072,Bakery,Muffins,1,3.84,3.84,100.0
TXN_000260,CUST_0072,Beverages,Coffee,1,10.48,10.48,77.1
TXN_000260,CUST_0072,Personal_Care,Soap,5,1.72,8.6,70.4
TXN_000261,CUST_0049,Produce,Lettuce,1,2.11,2.11,55.4
TXN_000261,CUST_0049,Beverages,Juice,5,2.54,12.7,45.2
TXN_000261,CUST_0049,Meat,Pork,2,9.36,18.72,71.6
TXN_000262,CUST_0065,Snacks,Cookies,3,5.31,15.93,100.0
TXN_000262,CUST_0065,Bakery,Muffins,1,3.1,3.1,58.4
TXN_000262,CUST_0065,Beverages,Juice,1,3.56,3.56,87.3
TXN_000262,CUST_0065,Snacks,Nuts,1,5.27,5.27,68.0
TXN_000262,CUST_0065,Frozen,Ice_Cream,4,7.52,30.08,100.0
TXN_000263,CUST_0296,Household,Paper_Towels,1,10.93,10.93,70.6
TXN_000263,CUST_0296,Household,Toilet_Paper,1,15.94,15.94,70.6
TXN_000263,CUST_0296,Household,Detergent,1,10.98,10.98,82.1
TXN_000263,CUST_0296,Household,Cleaning_Supplies,2,4.47,8.94,97.6
TXN_000263,CUST_0296,Pantry,Canned_Goods,2,1.52,3.04,83.0
TXN_000263,CUST_0296,Pantry,Pasta,2,2.35,4.7,93.3
TXN_000264,CUST_0168,Personal_Care,Soap,1,1.4,1.4,76.6
TXN_000264,CUST_0168,Personal_Care,Shampoo,1,7.35,7.35,82.8
TXN_000264,CUST_0168,Beverages,Tea,1,3.03,3.03,75.1
TXN_000264,CUST_0168,Snacks,Crackers,1,2.86,2.86,95.1
TXN_000264,CUST_0168,Dairy,Cheese,1,5.89,5.89,81.0
TXN_000265,CUST_0274,Pantry,Spices,2,5.3,10.6,57.6
TXN_000265,CUST_0274,Pantry,Pasta,3,1.79,5.37,23.9
TXN_000266,CUST_0254,Meat,Beef,3,13.77,41.31,90.8
TXN_000266,CUST_0254,Produce,Onions,3,1.64,4.92,96.2
TXN_000267,CUST_0173,Personal_Care,Shampoo,4,8.58,34.32,87.4
TXN_000267,CUST_0173,Personal_Care,Soap,1,1.74,1.74,73.7
TXN_000267,CUST_0173,Snacks,Candy,1,2.67,2.67,42.6
TXN_000267,CUST_0173,Dairy,Yogurt,2,1.12,2.24,100.0
TXN_000267,CUST_0173,Produce,Bananas,1,0.92,0.92,58.1
TXN_000267,CUST_0173,Bakery,Pastries,1,4.2,4.2,65.8
TXN_000268,CUST_0226,Beverages,Tea,1,6.25,6.25,63.5
TXN_000268,CUST_0226,Bakery,Pastries,4,3.06,12.24,61.8
TXN_000268,CUST_0226,Produce,Lettuce,1,2.83,2.83,100.0
TXN_000268,CUST_0226,Pantry,Rice,2,4.04,8.08,91.2
TXN_000268,CUST_0226,Meat,Chicken,4,11.98,47.92,100.0
TXN_000268,CUST_0226,Produce,Tomatoes,3,2.1,6.3,100.0
TXN_000268,CUST_0226,Beverages,Juice,1,4.69,4.69,63.4
TXN_000269,CUST_0027,Pantry,Spices,3,5.0,15.0,48.2
TXN_000269,CUST_0027,Snacks,Crackers,2,2.72,5.44,59.3
TXN_000269,CUST_0027,Bakery,Bagels,1,3.82,3.82,51.3
TXN_000270,CUST_0220,Household,Toilet_Paper,5,16.46,82.3,83.6
TXN_000270,CUST_0220,Household,Paper_Towels,3,13.36,40.08,82.2
TXN_000270,CUST_0220,Household,Detergent,2,14.69,29.38,60.1
TXN_000271,CUST_0116,Frozen,Frozen_Meals,2,5.3,10.6,70.7
TXN_000271,CUST_0116,Dairy,Milk,1,4.01,4.01,89.5
TXN_000271,CUST_0116,Pantry,Cereals,2,5.24,10.48,73.8
TXN_000271,CUST_0116,Beverages,Tea,1,5.03,5.03,48.3
TXN_000271,CUST_0116,Frozen,Frozen_Pizza,3,7.64,22.92,83.9
TXN_000271,CUST_0116,Frozen,Ice_Cream,1,7.01,7.01,52.9
TXN_000272,CUST_0053,Meat,Deli_Meat,1,4.44,4.44,25.7
TXN_000272,CUST_0053,Meat,Fish,1,11.12,11.12,47.1
TXN_000273,CUST_0069,Household,Toilet_Paper,3,18.57,55.71,95.7
TXN_000273,CUST_0069,Produce,Tomatoes,3,2.29,6.87,46.7
TXN_000273,CUST_0069,Household,Paper_Towels,2,10.32,20.64,79.1
TXN_000273,CUST_0069,Bakery,Bread,2,3.29,6.58,44.6
TXN_000274,CUST_0226,Pantry,Pasta,3,2.79,8.37,69.2
TXN_000274,CUST_0226,Household,Toilet_Paper,1,19.52,19.52,69.5
TXN_000274,CUST_0226,Beverages,Juice,3,4.44,13.32,58.9
TXN_000274,CUST_0226,Beverages,Water,4,1.31,5.24,65.2
TXN_000275,CUST_0112,Produce,Apples,1,2.81,2.81,100.0
TXN_000275,CUST_0112,Produce,Tomatoes,1,2.11,2.11,73.4
TXN_000275,CUST_0112,Household,Detergent,3,9.45,28.35,78.5
TXN_000275,CUST_0112,Pantry,Cereals,1,5.51,5.51,89.2
TXN_000275,CUST_0112,Pantry,Pasta,2,2.27,4.54,94.7
TXN_000275,CUST_0112,Meat,Beef,2,12.61,25.22,100.0
TXN_000276,CUST_0142,Household,Toilet_Paper,1,18.39,18.39,98.0
TXN_000276,CUST_0142,Household,Paper_Towels,2,12.88,25.76,95.0
TXN_000276,CUST_0142,Snacks,Nuts,2,4.9,9.8,75.5
TXN_000276,CUST_0142,Unknown,Beer,1,8.98,8.98,100.0
TXN_000276,CUST_0142,Household,Detergent,1,8.24,8.24,66.6
TXN_000276,CUST_0142,Meat,Pork,4,8.39,33.56,62.8
TXN_000277,CUST_0028,Bakery,Muffins,1,3.09,3.09,90.8
TXN_000277,CUST_0028,Beverages,Coffee,5,7.58,37.9,89.1
TXN_000277,CUST_0028,Dairy,Cream,2,2.88,5.76,78.0
TXN_000278,CUST_0271,Dairy,Milk,2,4.02,8.04,96.5
TXN_000278,CUST_0271,Pantry,Rice,2,3.79,7.58,100.0
TXN_000278,CUST_0271,Meat,Chicken,1,7.96,7.96,90.0
TXN_000278,CUST_0271,Pantry,Cereals,3,4.95,14.85,100.0
TXN_000278,CUST_0271,Produce,Apples,1,2.19,2.19,91.9
TXN_000278,CUST_0271,Dairy,Butter,2,4.3,8.6,91.4
TXN_000278,CUST_0271,Bakery,Bread,2,3.99,7.98,100.0
TXN_000279,CUST_0204,Frozen,Frozen_Vegetables,1,2.41,2.41,69.0
TXN_000279,CUST_0204,Meat,Fish,1,9.86,9.86,73.8
TXN_000279,CUST_0204,Frozen,Frozen_Pizza,1,4.48,4.48,40.4
TXN_000279,CUST_0204,Frozen,Frozen_Meals,1,5.9,5.9,44.0
TXN_000280,CUST_0043,Meat,Fish,2,11.53,23.06,93.9
TXN_000280,CUST_0043,Frozen,Frozen_Vegetables,1,3.24,3.24,65.3
TXN_000280,CUST_0043,Produce,Tomatoes,1,3.99,3.99,72.6
TXN_000281,CUST_0275,Meat,Deli_Meat,1,4.76,4.76,44.1
TXN_000281,CUST_0275,Meat,Chicken,3,7.39,22.17,85.4
TXN_000281,CUST_0275,Pantry,Rice,1,4.03,4.03,94.1
TXN_000282,CUST_0123,Dairy,Butter,1,5.45,5.45,90.2
TXN_000282,CUST_0123,Bakery,Bread,1,3.98,3.98,100.0
TXN_000282,CUST_0123,Dairy,Milk,3,3.5,10.5,98.9
TXN_000282,CUST_0123,Pantry,Cereals,2,5.98,11.96,100.0
TXN_000282,CUST_0123,Dairy,Cheese,1,5.61,5.61,100.0
TXN_000282,CUST_0123,Snacks,Crackers,1,4.46,4.46,100.0
TXN_000282,CUST_0123,Meat,Deli_Meat,1,5.23,5.23,61.0
TXN_000283,CUST_0086,Pantry,Canned_Goods,1,1.14,1.14,71.9
TXN_000283,CUST_0086,Pantry,Pasta,1,2.13,2.13,69.4
TXN_000283,CUST_0086,Produce,Carrots,1,1.88,1.88,79.9
TXN_000284,CUST_0016,Pantry,Rice,1,4.86,4.86,87.3
TXN_000284,CUST_0016,Meat,Beef,1,10.98,10.98,76.7
TXN_000284,CUST_0016,Produce,Onions,1,2.17,2.17,75.6
TXN_000284,CUST_0016,Household,Detergent,1,11.71,11.71,46.4
TXN_000285,CUST_0040,Frozen,Ice_Cream,4,4.99,19.96,92.4
TXN_000285,CUST_0040,Snacks,Cookies,3,3.09,9.27,81.6
TXN_000286,CUST_0029,Frozen,Ice_Cream,4,7.28,29.12,100.0
TXN_000286,CUST_0029,Produce,Onions,3,1.3,3.9,96.1
TXN_000286,CUST_0029,Meat,Beef,1,11.93,11.93,91.9
TXN_000286,CUST_0029,Household,Detergent,2,7.44,14.88,75.9
TXN_000286,CUST_0029,Produce,Carrots,1,1.5,1.5,74.1
TXN_000286,CUST_0029,Snacks,Cookies,3,5.09,15.27,100.0
TXN_000286,CUST_0029,Household,Cleaning_Supplies,2,3.61,7.22,86.4
TXN_000286,CUST_0029,Beverages,Juice,1,3.24,3.24,91.9
TXN_000287,CUST_0187,Pantry,Cereals,1,5.84,5.84,59.0
TXN_000287,CUST_0187,Bakery,Bread,1,3.53,3.53,65.5
TXN_000287,CUST_0187,Dairy,Yogurt,1,1.94,1.94,50.5
TXN_000288,CUST_0284,Snacks,Candy,1,3.81,3.81,79.5
TXN_000288,CUST_0284,Beverages,Soda,1,2.0,2.0,88.8
TXN_000288,CUST_0284,Snacks,Chips,1,3.91,3.91,72.2
TXN_000289,CUST_0214,Snacks,Nuts,3,7.06,21.18,95.8
TXN_000289,CUST_0214,Unknown,Beer,1,2.77,2.77,63.7
TXN_000289,CUST_0214,Snacks,Chips,2,3.8,7.6,89.8
TXN_000289,CUST_0214,Beverages,Soda,2,2.04,4.08,99.1
TXN_000289,CUST_0214,Dairy,Cream,1,3.6,3.6,59.3
TXN_000290,CUST_0239,Meat,Pork,1,13.07,13.07,70.4
TXN_000290,CUST_0239,Meat,Deli_Meat,1,6.76,6.76,36.1
TXN_000290,CUST_0239,Meat,Chicken,1,5.39,5.39,23.8
TXN_000291,CUST_0189,Bakery,Pastries,1,3.44,3.44,39.7
TXN_000291,CUST_0189,Household,Paper_Towels,1,8.63,8.63,51.5
TXN_000291,CUST_0189,Household,Toilet_Paper,1,19.26,19.26,84.6
TXN_000291,CUST_0189,Bakery,Cakes,1,14.76,14.76,65.3
TXN_000292,CUST_0280,Bakery,Muffins,3,3.11,9.33,92.5
TXN_000292,CUST_0280,Beverages,Coffee,2,6.37,12.74,84.2
TXN_000292,CUST_0280,Dairy,Cream,3,2.68,8.04,87.2
TXN_000292,CUST_0280,Snacks,Crackers,4,4.21,16.84,84.6
TXN_000292,CUST_0280,Pantry,Canned_Goods,1,1.51,1.51,56.9
TXN_000293,CUST_0001,Household,Cleaning_Supplies,1,8.21,8.21,78.9
TXN_000293,CUST_0001,Household,Detergent,1,14.65,14.65,100.0
TXN_000293,CUST_0001,Household,Paper_Towels,1,11.42,11.42,85.6
TXN_000293,CUST_0001,Household,Toilet_Paper,2,17.62,35.24,86.0
TXN_000293,CUST_0001,Produce,Tomatoes,3,2.68,8.04,73.2
TXN_000294,CUST_0144,Produce,Apples,3,2.91,8.73,77.2
TXN_000294,CUST_0144,Produce,Onions,2,2.11,4.22,91.4
TXN_000294,CUST_0144,Meat,Beef,1,8.51,8.51,78.0
TXN_000294,CUST_0144,Household,Paper_Towels,1,12.72,12.72,57.9
TXN_000295,CUST_0049,Frozen,Frozen_Vegetables,2,2.37,4.74,65.4
TXN_000295,CUST_0049,Meat,Fish,2,14.09,28.18,82.8
TXN_000295,CUST_0049,Frozen,Frozen_Meals,2,4.93,9.86,45.6
TXN_000295,CUST_0049,Produce,Lettuce,1,2.95,2.95,62.9
TXN_000296,CUST_0122,Meat,Pork,2,11.66,23.32,82.3
TXN_000296,CUST_0122,Meat,Deli_Meat,1,5.79,5.79,92.9
TXN_000296,CUST_0122,Pantry,Pasta,1,1.56,1.56,82.3
TXN_000296,CUST_0122,Pantry,Canned_Goods,5,1.48,7.4,100.0
TXN_000296,CUST_0122,Produce,Lettuce,2,1.73,3.46,96.7
TXN_000296,CUST_0122,Household,Cleaning_Supplies,2,7.2,14.4,70.1
TXN_000296,CUST_0122,Produce,Tomatoes,5,3.15,15.75,100.0
TXN_000297,CUST_0085,Beverages,Coffee,2,5.48,10.96,91.1
TXN_000297,CUST_0085,Bakery,Muffins,2,2.79,5.58,83.6
TXN_000297,CUST_0085,Dairy,Cream,1,3.71,3.71,100.0
TXN_000297,CUST_0085,Bakery,Bagels,1,4.55,4.55,77.0
TXN_000298,CUST_0232,Meat,Fish,1,12.59,12.59,94.1
TXN_000298,CUST_0232,Frozen,Frozen_Vegetables,2,3.27,6.54,91.3
TXN_000298,CUST_0232,Meat,Deli_Meat,1,4.85,4.85,64.3
TXN_000298,CUST_0232,Snacks,Crackers,2,4.57,9.14,100.0
TXN_000298,CUST_0232,Bakery,Cakes,2,11.05,22.1,73.4
TXN_000298,CUST_0232,Pantry,Canned_Goods,1,1.11,1.11,71.2
TXN_000298,CUST_0232,Dairy,Cheese,2,4.49,8.98,95.5
TXN_000299,CUST_0183,Pantry,Spices,2,3.0,6.0,37.9
TXN_000299,CUST_0183,Pantry,Canned_Goods,1,2.23,2.23,55.6
TXN_000299,CUST_0183,Bakery,Bread,2,2.38,4.76,89.0
TXN_000299,CUST_0183,Dairy,Butter,2,5.06,10.12,96.0
TXN_000299,CUST_0183,Household,Detergent,2,9.01,18.02,83.0
TXN_000300,CUST_0282,Bakery,Muffins,1,3.61,3.61,100.0
TXN_000300,CUST_0282,Beverages,Coffee,1,6.94,6.94,88.8
TXN_000300,CUST_0282,Produce,Lettuce,2,2.02,4.04,56.5
TXN_000300,CUST_0282,Dairy,Cream,2,2.07,4.14,88.2
TXN_000300,CUST_0282,Meat,Beef,1,11.36,11.36,78.1
TXN_000301,CUST_0067,Bakery,Pastries,1,5.92,5.92,82.9
TXN_000301,CUST_0067,Pantry,Cereals,2,4.84,9.68,87.2
TXN_000301,CUST_0067,Snacks,Chips,1,2.22,2.22,67.2
TXN_000301,CUST_0067,Beverages,Soda,1,2.76,2.76,99.3
TXN_000301,CUST_0067,Dairy,Milk,2,4.54,9.08,93.1
TXN_000302,CUST_0012,Dairy,Cream,2,2.24,4.48,77.4
TXN_000302,CUST_0012,Bakery,Bagels,3,3.52,10.56,84.4
TXN_000303,CUST_0066,Produce,Apples,1,2.17,2.17,78.5
TXN_000303,CUST_0066,Pantry,Pasta,1,1.97,1.97,94.8
TXN_000303,CUST_0066,Pantry,Canned_Goods,1,1.73,1.73,81.7
TXN_000303,CUST_0066,Beverages,Water,4,1.97,7.88,69.4
TXN_000304,CUST_0203,Frozen,Ice_Cream,2,6.8,13.6,94.9
TXN_000304,CUST_0203,Snacks,Cookies,1,4.19,4.19,83.7
TXN_000304,CUST_0203,Beverages,Juice,3,2.85,8.55,100.0
TXN_000304,CUST_0203,Meat,Beef,1,12.86,12.86,88.2
TXN_000304,CUST_0203,Produce,Onions,4,1.92,7.68,89.1
TXN_000304,CUST_0203,Frozen,Frozen_Vegetables,1,3.7,3.7,72.4
TXN_000304,CUST_0203,Personal_Care,Toothpaste,2,3.54,7.08,62.2
TXN_000305,CUST_0211,Personal_Care,Shampoo,1,9.46,9.46,83.1
TXN_000305,CUST_0211,Personal_Care,Soap,4,2.73,10.92,93.8
TXN_000305,CUST_0211,Personal_Care,Toothpaste,3,3.22,9.66,55.9
TXN_000305,CUST_0211,Frozen,Frozen_Meals,3,5.59,16.77,66.0
TXN_000305,CUST_0211,Personal_Care,Deodorant,1,4.55,4.55,61.5
TXN_000306,CUST_0010,Pantry,Cereals,4,5.28,21.12,47.5
TXN_000306,CUST_0010,Pantry,Pasta,1,2.63,2.63,78.4
TXN_000306,CUST_0010,Pantry,Canned_Goods,1,1.45,1.45,66.4
TXN_000307,CUST_0177,Personal_Care,Toothpaste,1,2.44,2.44,35.9
TXN_000307,CUST_0177,Personal_Care,Shampoo,5,5.67,28.35,82.7
TXN_000307,CUST_0177,Personal_Care,Soap,3,2.28,6.84,76.1
TXN_000307,CUST_0177,Meat,Beef,2,8.21,16.42,42.5
TXN_000308,CUST_0030,Beverages,Water,3,1.09,3.27,50.0
TXN_000308,CUST_0030,Bakery,Bagels,2,4.83,9.66,100.0
TXN_000308,CUST_0030,Produce,Bananas,1,1.45,1.45,100.0
TXN_000308,CUST_0030,Dairy,Cream,3,3.88,11.64,100.0
TXN_000308,CUST_0030,Dairy,Yogurt,4,1.41,5.64,100.0
TXN_000308,CUST_0030,Meat,Pork,1,11.61,11.61,69.8
TXN_000308,CUST_0030,Beverages,Coffee,2,5.45,10.9,73.3
